id, name, img, num_people, detail
10035, 成都, http:\/\/n1-q.mafengwo.net\/s8\/M00\/A5\/44\/wKgBpVYfRkqAIeUVAAIhvcm_97Y75.jpeg?imageMogr2%2Fthumbnail%2F%21320x200r%2Fgravity%2FCenter%2Fcrop%2F%21320x200%2Fquality%2F90, 41565, 成都位于中国西南地区。地处全川中心，是四川省政治、经济、文化的核心。成都别称“蓉城”，平原沃野千里，依仗都江堰的水利工程，自古以来富足丰饶，拥“天府之国”之美誉。成都的茶馆之多或可称得上世界之最。成都夜生活实在丰富，完全符合“不夜城”的称号。
10061, 稻城, http:\/\/b1-q.mafengwo.net\/s5\/M00\/EB\/6C\/wKgB3FEKKFOAB8vHAA48C0nVPeQ38.jpeg?imageMogr2%2Fthumbnail%2F%21320x200r%2Fgravity%2FCenter%2Fcrop%2F%21320x200%2Fquality%2F90, 4610, 稻城地处青藏高原东南部，位于中国四川省西南边缘，横断山脉东侧。属康巴藏区的甘孜藏族自治州。其中藏族占96%以上，此外有汉、纳西、回、彝等民族。稻城景色憾人心魄，1145个高山湖泊散落于嶙峋乱石间，碧蓝如玉，景色极为壮观，因而被誉为“最后的香巴拉”。
10136, 九寨沟, http:\/\/p1-q.mafengwo.net\/s7\/M00\/D2\/DC\/wKgB6lSiDL2AYHqQAAn1eisORm8596.png?imageMogr2%2Fthumbnail%2F%21320x200r%2Fgravity%2FCenter%2Fcrop%2F%21320x200%2Fquality%2F90, 19705, 九寨沟位于四川省阿坝藏族羌族自治州九寨沟县漳扎镇，沟内分布108个湖泊。九寨沟四季景色迷人。动植物资源丰富，种类繁多，原始森林遍布，栖息着大熊猫等十多种稀有和珍贵野生动物。被誉为“美丽的童话世界”。 水是九寨沟景观的主角。碧绿晶莹的溪水好似项链般穿插于森林与浅滩之间。色彩斑斓的湖泊和气势宏伟的瀑布令人目不暇接。
10011, 色达, http:\/\/p1-q.mafengwo.net\/s7\/M00\/FC\/D2\/wKgB6lSiQbmAT8wLAAg4KT3uKcg611.png?imageMogr2%2Fthumbnail%2F%21320x200r%2Fgravity%2FCenter%2Fcrop%2F%21320x200%2Fquality%2F90, 2839, 色达位于甘孜藏自治州西北部，东邻阿坝藏羌族自治州壤塘县，北与青海省班玛、达日两县接壤，西、南海拔4127米，辖4区2镇15乡、66个行政村，大部分从事畜牧业生产。色达有著名的喇荣寺五明佛学院，五明佛学院是世界上最大的佛学院，具有悠久的历史气息。
10143, 峨眉山, http:\/\/n1-q.mafengwo.net\/s7\/M00\/E3\/FB\/wKgB6lSiIkaARiSuAAg0bdkOyTk522.png?imageMogr2%2Fthumbnail%2F%21320x200r%2Fgravity%2FCenter%2Fcrop%2F%21320x200%2Fquality%2F90, 14152, 峨眉山是中国佛教四大名山之一，位于中国四川省峨眉山市境内，地势陡峭，风景秀丽，有“秀甲天下”之美誉。当地气候多样，植被丰富，共有3000多种植物，其中包括世界上稀有的树种，山路沿途有较多猴群，常结队向游人讨食，为峨眉一大特色。与此同时，峨眉山是上古学仙修道圣地之，有寺庙约26座，重要的有八大寺庙，佛事频繁。
10091, 亚丁, http:\/\/n1-q.mafengwo.net\/s6\/M00\/E0\/A8\/wKgB4lKPQ0uABTxUABrQ9BtquLg50.jpeg?imageMogr2%2Fthumbnail%2F%21320x200r%2Fgravity%2FCenter%2Fcrop%2F%21320x200%2Fquality%2F90, 2226, 说在青藏高原雪山深处的一个隐秘地方，有一个被双层雪山环抱王国，那里有雪山、冰川、峡谷、森林、草甸、湖泊、金矿及纯净的空气，这个王国就是香巴拉王国，被称为水蓝色的星球上的最后一片净土，也就是今天的稻城亚丁。在稻城亚丁，极目远跳，天地浩瀚无垠，乱石铺天盖地，憾人心魄，1145个高山湖泊散落于嶙峋乱石间，碧蓝如玉，景色极为壮观，因而稻城亚丁被誉为最后的香巴拉。
10236, 甘孜, http:\/\/n1-q.mafengwo.net\/s8\/M00\/73\/69\/wKgBpVW_Mt6AFr9PAAyHoZrkblM24.jpeg?imageMogr2%2Fthumbnail%2F%21320x200r%2Fgravity%2FCenter%2Fcrop%2F%21320x200%2Fquality%2F90, 4194, 甘孜位于雅砻江上游。“甘孜县境内的景点包括，雅安贡嘎雪山，稻城亚丁神山，九龙梅地贡嘎山，塔公雅拉雪山，巴塘措普沟，康区著名的寺庙—南无寺等。传说甘孜城的西北坡有一块形如绵羊的白玉，毛泽洁白无瑕，阳光照射下闪闪发亮，光彩夺目，十分美丽。甘孜县境内有鹿茸、麝香、贝母、虫草等名贵药材和鹿、水獭、马鸡等珍贵动物。
11942, 川西, http:\/\/n1-q.mafengwo.net\/s7\/M00\/D4\/94\/wKgB6lSiDyeAS0dXAALEAyYdwqM55.jpeg?imageMogr2%2Fthumbnail%2F%21320x200r%2Fgravity%2FCenter%2Fcrop%2F%21320x200%2Fquality%2F90, 1115, 川西指四川西部，多指四川阿坝州甘孜州等地区。这个地区自然风景优美迷人，九寨沟、黄龙、卧龙自然保护区、四姑娘山、米亚罗红叶风景区、九曲黄河十八弯等风景名胜都位于川西地区，是四川省风景最迷人的一个地区，也是旅游和户外的理想去处！
10163, 都江堰, http:\/\/n1-q.mafengwo.net\/s7\/M00\/9F\/06\/wKgB6lSotIGANxFnAAgXWyZOHuM948.png?imageMogr2%2Fthumbnail%2F%21320x200r%2Fgravity%2FCenter%2Fcrop%2F%21320x200%2Fquality%2F90, 15644, 都江堰市被誉为“世界水利文化的鼻祖”；有“青城天下幽”之称的青城山，是中国道教发祥地；青城山·都江堰已成功列入《世界遗产名录》，都江堰市被评为“中国历史文化名城”、“中国优秀旅游城市”，成为世界著名的旅游胜地。都江堰不仅是举世闻名的中国古代水利工程，也是著名的风景名胜区。都江堰附近景色秀丽，文物古迹众多，十分值得游览。
11273, 乐山, http:\/\/n1-q.mafengwo.net\/s7\/M00\/30\/24\/wKgB6lSgy8mAFkZOAAdwacWhrWY733.png?imageMogr2%2Fthumbnail%2F%21320x200r%2Fgravity%2FCenter%2Fcrop%2F%21320x200%2Fquality%2F90, 12604, 乐山位于四川盆地西南部，古称“嘉州”，境内自然资源丰富，江河纵横，拥有岷江、大渡河、青衣江和众多中小河流，乐山、峨眉山等高低山峦，素有“天下山水之观在蜀，蜀之胜曰嘉州”美誉，是一座名副其实的“山水之城”，蜀地胜境。
11642, 阿坝, http:\/\/p1-q.mafengwo.net\/s7\/M00\/19\/22\/wKgB6lSiYuGAbUQTAAfVmiYpX5k982.png?imageMogr2%2Fthumbnail%2F%21320x200r%2Fgravity%2FCenter%2Fcrop%2F%21320x200%2Fquality%2F90, 5324, 阿坝州位于我国四川省，它保留了世界上别的地方早已绝迹的动植物资源，如熊猫、珙桐等活化石；保留了在工业文明中难以找到的静谧、古朴的壮丽自然景观，如九寨沟、黄龙等世界自然遗产。阿坝草原辽阔，雪山耸列，江河纵横，融气势磅礴、广袤宽阔、俊秀幽深于一体。地形地貌复杂、沟谷交错、气候多样，构成独特的地理环境，阿坝州被世界旅游专家誉为世界生态旅游最佳目的地。
10134, 四姑娘山, http:\/\/n1-q.mafengwo.net\/s7\/M00\/E7\/77\/wKgB6lSiJrqAEPe_AAWXm88naao942.png?imageMogr2%2Fthumbnail%2F%21320x200r%2Fgravity%2FCenter%2Fcrop%2F%21320x200%2Fquality%2F90, 3913, 四姑娘山是横断山脉东部边缘邛崃山系的最高峰，人称“蜀山皇后”。四姑娘山位于四川省阿坝藏族羌族自治州小金县与汶川县交界处，由四座长年被冰雪覆盖的山峰组成。其中幺妹身材苗条、体态婀娜，常说的“四姑娘”就是指这座最高最美的雪峰，四姑娘山被列为我国十大登山名山之一。四姑娘山由四座连绵不断的山峰组成，它们从北到南分别为四姑娘山、巴郎山和双桥沟、长坪沟、海子沟等几部分，距成都220公里。景区内自然生态保护良好，植被茂盛，生物种类繁多，被列为国家级风景名胜区、国家级自然保护区。
10564, 若尔盖, http:\/\/n1-q.mafengwo.net\/s7\/M00\/FE\/EE\/wKgB6lSiRDyAVgKfAAbia361-g4413.png?imageMogr2%2Fthumbnail%2F%21320x200r%2Fgravity%2FCenter%2Fcrop%2F%21320x200%2Fquality%2F90, 4666, 若尔盖县地域辽阔，资源富集，优势突出。若尔盖草原动植物种类繁多，物产丰富，旅游资源丰富而独特。分布有国家湿地保护区、黑颈鹤保护区、梅花鹿保护区，栖息着黑颈鹤、藏鸳鸯、白鹳、梅花鹿、小熊猫等珍禽异兽。还盛产麝香、虫草、贝母、鹿茸、雪莲等名贵药材。
10510, 康定, http:\/\/b1-q.mafengwo.net\/s7\/M00\/04\/88\/wKgB6lSiS7GAchCCAAbqFdl5Afk114.png?imageMogr2%2Fthumbnail%2F%21320x200r%2Fgravity%2FCenter%2Fcrop%2F%21320x200%2Fquality%2F90, 7179, 康定县，享誉世界的历史文化名域，藏语为达者都，意为三山相峙，两水交汇的地方。康定县以其得天独厚的自然风光、独具特色的藏族文化和古朴神奇的民风民俗而著名，国家级贡嘎山风景名胜旅游区的重要景点大多就分布在县境内。康定，不仅风光独好，也是全甘孜州旅游的中转站，极富高原民族风情特色。
11327, 海螺沟, http:\/\/n1-q.mafengwo.net\/s7\/M00\/01\/8F\/wKgB6lSiR-eAHdSmAAcKl9xchIw233.png?imageMogr2%2Fthumbnail%2F%21320x200r%2Fgravity%2FCenter%2Fcrop%2F%21320x200%2Fquality%2F90, 5058, 海螺沟地处横断山系的核心地带，境内延绵着众多终年积雪、冰清玉洁的雪山，巍峨地屹立于群峰之巅，高大险峻、气势磅礴。低处山谷的棕榈树、青翠的竹林到原始森林的参天古木、山花烂漫的大片野生杜鹃，直至高海拔色彩缤纷的草本野花和第一植被，与清冽的流水相伴顺流而下，让人感叹大自然的神奇造化。
10323, 青城山, http:\/\/b1-q.mafengwo.net\/s6\/M00\/82\/CF\/wKgB4lKDE1KAfJNzABVU7I1xsO484.jpeg?imageMogr2%2Fthumbnail%2F%21320x200r%2Fgravity%2FCenter%2Fcrop%2F%21320x200%2Fquality%2F90, 8212, 青城山，古称丈人山。因林木清幽，四季常青，故名青城山。素有“青城天下幽”之美誉。素有“拜水都江堰，问道青城山”之说。青城山分为前山和后山两大景区。前山景色优美，文物古迹众多，主要景点有建福宫、天然图画、天师洞、朝阳洞、祖师殿、上清宫等；后山主要景点有金壁天仓、圣母洞、山泉雾潭、白云群洞、天桥奇景等，十分值得游览。
12112, 雅安, http:\/\/n1-q.mafengwo.net\/s7\/M00\/28\/4F\/wKgB6lSic_uAUyCNAAjK2RX3MiU043.png?imageMogr2%2Fthumbnail%2F%21320x200r%2Fgravity%2FCenter%2Fcrop%2F%21320x200%2Fquality%2F90, 7555, 雅安不仅是一座山水相间的城市，还是一座碧茶飘香的城市，又是一座因大熊猫而名扬四海的城市。这里自然风光、历史人文独具特色，雅安的上里古镇、望鱼古镇等是南丝绸之路上的重要驿站，素有“川西咽喉”“西藏门户”“民族走廊”之称；又是茶马古道上的重镇，雅安是世界茶文化的发源地，蒙顶山是公认的世界茶文化圣山。城内造型独特、风格迥异的桥梁将南北城区连成一片，树木葱笼，雅致秀美的城市休闲公园，彰显着这座历史文化名城的历史人文、 自然风貌、民俗风情。
11630, 西昌, http:\/\/n1-q.mafengwo.net\/s6\/M00\/3F\/3F\/wKgB4lJHg7qAJn7LAAJkjai6hYc21.jpeg?imageMogr2%2Fthumbnail%2F%21320x200r%2Fgravity%2FCenter%2Fcrop%2F%21320x200%2Fquality%2F90, 4576, 西昌市位于四川省西南部，是中外驰名的中国航天城、享誉于世的东方月城，是凉山彝族自治州的首府，是全州政治、经济、文化和交通的中心，是凉山州对外开放的门户。近年来，其“养在深闺人未识”的山水阳光和独特风情，吸引了越来越多的游客和商业投资，发展势头迅猛。
17315, 牛背山, http:\/\/b1-q.mafengwo.net\/s7\/M00\/D9\/19\/wKgB6lSiFVeACr6iAAFigxv6GLg33.jpeg?imageMogr2%2Fthumbnail%2F%21320x200r%2Fgravity%2FCenter%2Fcrop%2F%21320x200%2Fquality%2F90, 2733, 牛背山朝青衣江一侧，视野开阔，云海壮丽，被誉为“中国最大的观景平台”，是绝佳的摄影圣 地。登高远望，泥巴山、娘娘山、瓦屋山、峨眉山、夹金山、四姑娘山和二郎山在前，大渡河大峡谷在后，几乎天府之国的所有名山峻岭在此时都变成了玲珑盆景。
10462, 毕棚沟, http:\/\/n1-q.mafengwo.net\/s7\/M00\/66\/17\/wKgB6lOz1iWAMIYWAAJmGJfGB0c80.jpeg?imageMogr2%2Fthumbnail%2F%21320x200r%2Fgravity%2FCenter%2Fcrop%2F%21320x200%2Fquality%2F90, 1507, 毕棚沟原始生态景区位于理县朴头梭罗沟境内，四姑娘山北麓，海拔高度在2000~5000米，幅员180平方公里，是国内非常知名的红叶观赏圣地，景区内繁花似锦，树木成林，还有瀑布飞挂、万年冰川等奇观，令人流连忘返。
14727, 新都桥, http:\/\/n1-q.mafengwo.net\/s7\/M00\/93\/A5\/wKgB6lPgPbmATK78AAITKCHyNXA69.jpeg?imageMogr2%2Fthumbnail%2F%21320x200r%2Fgravity%2FCenter%2Fcrop%2F%21320x200%2Fquality%2F90, 5949, 新都桥地处川藏线南北分叉路口，北通甘孜、南接理塘，是从西藏通往康定的必经之路，距离成都437公里，距离康定城80公里。这里如诗如画，柏杨叶子金黄，草原无垠宽广，山峦连绵起伏，所有的地方像被阳光施了魔法一样光泽动人，是令人神往的“摄影天堂”。
18084, 西岭雪山, http:\/\/b1-q.mafengwo.net\/s7\/M00\/16\/46\/wKgB6lSiX8SAbasfAAHfVdcdd2E67.jpeg?imageMogr2%2Fthumbnail%2F%21320x200r%2Fgravity%2FCenter%2Fcrop%2F%21320x200%2Fquality%2F90, 2997, 西岭雪山位于四川省成都市大邑县境内，距成都仅95公里，因唐代大诗人杜甫的千古绝句“窗含西岭千秋雪，门泊东吴万里船”而得名。景区内有终年积雪的大雪山，海拔5364米，为成都第一峰。游客不仅能在雪山上滑雪，还能参加雪上摩托、森林狩猎、坐热气球、弹跳飞人等乐趣无穷的活动。
13663, 绵阳, http:\/\/n1-q.mafengwo.net\/s7\/M00\/35\/DE\/wKgB6lSihcGAAzjbAAd82R8lhmI112.png?imageMogr2%2Fthumbnail%2F%21320x200r%2Fgravity%2FCenter%2Fcrop%2F%21320x200%2Fquality%2F90, 5498, 绵阳历史悠久，已有2200多年建城史，嫘祖文化、大禹文化、三国蜀汉文化、李白文化、文昌文化等历史传统文化底蕴深厚。拥有“北川羌城旅游区”5A级景区，七曲山大庙、九皇山、报恩寺、窦圌山和江油李白纪念馆等7个4A级景区，还有以李白故里、翠云廊、富乐山、越王楼、报恩寺为主的历史文化景区，十分值得游览。
10838, 阆中, http:\/\/p1-q.mafengwo.net\/s5\/M00\/DB\/A7\/wKgB3FEwpZKAQ4XZABB3TF1MIGE91.jpeg?imageMogr2%2Fthumbnail%2F%21320x200r%2Fgravity%2FCenter%2Fcrop%2F%21320x200%2Fquality%2F90, 3009, 阆中古城位于四川盆地，已有2300多年的建城历史，一直为古代巴蜀军事重地，历史悠久，文化灿烂。阆中名胜众多，名人荟萃，四面环山，水绕三方，形成天然屏障，有“阆苑仙境”、“阆中天下稀”之美誉。古城阆中的建筑风格体现了我国古代的居住风水观，棋盘式的古城格局，融南北风格于一体的建筑群，形成“半珠式”、“品”字型、“多”字型等风格迥异的建筑群体，是中国古代建城选址“天人合一”完备的典型范例。
10691, 汶川, http:\/\/b1-q.mafengwo.net\/s7\/M00\/A1\/E4\/wKgB6lSouG6AdiD5AAe5t_GiwxI921.png?imageMogr2%2Fthumbnail%2F%21320x200r%2Fgravity%2FCenter%2Fcrop%2F%21320x200%2Fquality%2F90, 6434, 走进汶川，你可以去感受世界上最古老的羌文化，欣赏绚丽的羌族刺绣，观看历经千载而不倒的羌寨、碉房和邛笼仍在雪山下耸立，还有被称为世界桥梁先驱的悬筒和溜索仍在峡谷上空荡漾；如果你是冒险家，你可以在这里攀岩、漂流、滑翔、科学探险、野营、生存挑战等，累了来一场西羌药蒸，既可陶冶身心，又可以强健体魄。
10403, 丹巴, http:\/\/p1-q.mafengwo.net\/s7\/M00\/30\/13\/wKgB6lSifeGAIrQRAAkQgXxYH0I940.png?imageMogr2%2Fthumbnail%2F%21320x200r%2Fgravity%2FCenter%2Fcrop%2F%21320x200%2Fquality%2F90, 3496, 丹巴，被誉为“中国最美丽的乡村”，位于四川省甘孜藏族自治州。丹巴旅游资源丰富多彩，自然风光神奇美丽，“天然盆景”、党岭风光，集雪山、森林、海子、温泉、草甸于一体；墨尔多神山，纳山、水、林、崖、洞108圣景于一炉，是休闲度假、探险旅游、回归自然的最佳去处。还有古碉、莫斯卡格萨尔石刻等人文景观，出了阿兰·达瓦卓玛这样女子的美人谷，可谓人杰地灵。
10347, 贡嘎, http:\/\/p1-q.mafengwo.net\/s7\/M00\/09\/CA\/wKgB6lSiUruAdAdGAATE0XLF8Z4933.png?imageMogr2%2Fthumbnail%2F%21320x200r%2Fgravity%2FCenter%2Fcrop%2F%21320x200%2Fquality%2F90, 3344, 贡嘎，藏语意为“寨后白山，山顶白色”。贡嘎山被誉为“蜀山之王”，是四川省内第一高峰。主峰周围林立着145座海拔五六千米的冰峰，形成了群峰簇拥、雪山相接的宏伟景象。中国最大的冰瀑布也位于贡嘎，每当雪崩发生时，冰雪飞腾，响声如雷，气势磅礴壮观。冰山湖泊星罗棋布，10多个高原湖泊分布于景区内，著名的有木格错、五须海、人中海、 巴旺海等，或在冰川脚下，或为森林环抱，水色清澈透明，保持着原始、秀丽的自然风貌，仿若“瑶池仙境”。
10816, 泸定, http:\/\/p1-q.mafengwo.net\/s7\/M00\/B1\/15\/wKgB6lSoy_eABAQWAAb4DtuIgf0554.png?imageMogr2%2Fthumbnail%2F%21320x200r%2Fgravity%2FCenter%2Fcrop%2F%21320x200%2Fquality%2F90, 5697, 泸定县位于四川省西部，邛崃山脉与大雪山脉之间，大渡河由北向南纵贯全境。泸定县城已有两千多年历史，特别是康熙皇帝亲赐"泸定桥"因红军在此取得辉煌胜利而蜚声中外，成为各地游客慕名前来的著名景点。另外，泸定居住着汉、藏、彝、回、羌等多个少数民族，能体验到各异的民族风情。
12555, 宜宾, http:\/\/b1-q.mafengwo.net\/s7\/M00\/34\/EF\/wKgB6lSihAqAGnmmAAcxP551FlM798.png?imageMogr2%2Fthumbnail%2F%21320x200r%2Fgravity%2FCenter%2Fcrop%2F%21320x200%2Fquality%2F90, 4073, 宜宾是著名的中国历史文化名城，举世闻名的名酒五粮液，便产于这里，发达的酿酒工业使宜宾成为名副其实的“中国酒都”。宜宾是南丝绸之路的起点，素有“西南半壁古戎州”的美誉，因金沙江、岷江在此汇合，长江至此始称“长江”，故宜宾也被称为“万里长江第一城”。宜宾的蜀南竹海、石海洞乡举世闻名，一定不可错过。
14669, 广元, http:\/\/p1-q.mafengwo.net\/s7\/M00\/A5\/82\/wKgB6lSovUuAdVczAAoNnH70NMQ951.png?imageMogr2%2Fthumbnail%2F%21320x200r%2Fgravity%2FCenter%2Fcrop%2F%21320x200%2Fquality%2F90, 3133, 广元，位于四川省北部，川陕甘三省交汇处，是中国历史上唯一的女皇帝武则天的诞生地，是三国历史文化的重要走廊。广元境内物产丰富、风景秀美，拥有众多的名胜古迹和游览景点：皇泽寺是女皇帝武则天的祀庙；千佛崖被誉为“历代石刻艺术陈列馆”；剑门蜀道以广元为中心地带；还有“天下雄关”剑门关、“三百里程十万树”的翠云廊以及千仞绝壁之上的古栈道遗址等，充分展现了这座历史、文化、旅游名城的风采。
10162, 黄龙, http:\/\/n1-q.mafengwo.net\/s7\/M00\/12\/92\/wKgB6lSiW5SADip-AAkaF8g1QPg522.png?imageMogr2%2Fthumbnail%2F%21320x200r%2Fgravity%2FCenter%2Fcrop%2F%21320x200%2Fquality%2F90, 1947, 位于四川省阿坝藏族羌族自治州松潘县境内，以彩池、雪山、峡谷、森林“四绝”著称于世，是中国唯一的保护完好的高原湿地。黄龙风景区是一个景观奇特、资源丰富、生态原始、保存完好、具有重要科学和美学价值的风景名胜区，被誉为“人间瑶池”，顶峰大概4000米，迎宾彩池、飞瀑流晖、洗身洞、金沙铺地、争艳池、黄龙寺、五彩池等景点，亲身体验“彩池、滩流、雪山、峡谷、古寺、民俗”六绝的独特魅力。
15128, 眉山, http:\/\/b1-q.mafengwo.net\/s7\/M00\/E9\/B4\/wKgB6lSpBtGAcHb6AAl1vnKC6OI527.png?imageMogr2%2Fthumbnail%2F%21320x200r%2Fgravity%2FCenter%2Fcrop%2F%21320x200%2Fquality%2F90, 2922, 眉山，位于成都平原西南部，是大文豪苏东坡的故乡，名人辈出，人文旅游资源丰富。除此之外，眉山还有许多的美丽景观，如瓦屋山国家森林公园、黑龙潭风景名胜区、彭祖山（原名：仙女山）、彭山江口汉崖墓、牛角寨大佛、中岩寺等。另外， 眉山的美食也是不得不尝。
10509, 理塘, http:\/\/n1-q.mafengwo.net\/s7\/M00\/A2\/49\/wKgB6lSjcW2ADEIgAAV-4eyV5Gg003.png?imageMogr2%2Fthumbnail%2F%21320x200r%2Fgravity%2FCenter%2Fcrop%2F%21320x200%2Fquality%2F90, 4351, 理塘，藏语意为平坦如铜镜的草坝，因县内有广袤无垠的毛垭大草原而得名。县城海拔4014米，素有“世界高城”之称。理塘寺是理塘的著名景点，又名长青春科尔寺，为康区南部最大的黄寺庙，素有“康南佛教圣地”之称，寺内珍藏有各种类型的释迦牟尼镀金铜像、佛教经典、三世达赖用过的马鞍、明清时代的壁画等珍贵文物，该寺每年藏历正月十五的酥油塑花会，被喻为“康区一绝”。
21667, 理县, http:\/\/b1-q.mafengwo.net\/s7\/M00\/94\/A4\/wKgB6lSoqV2AVEEqAAm6XT6pEgY534.png?imageMogr2%2Fthumbnail%2F%21320x200r%2Fgravity%2FCenter%2Fcrop%2F%21320x200%2Fquality%2F90, 1816, 理县位于四川省西部，青藏高原东部，阿坝藏族羌族自治州东南缘，是藏族、羌族聚集地，少数民族风情浓厚。除了毕棚沟等绝美自然风光，羌寨等羌族风情也是理县吸引游客的重要原因之一。
12038, 攀枝花, http:\/\/n1-q.mafengwo.net\/s7\/M00\/EE\/4C\/wKgB6lSpDH6ADgBnAAaDttNlSwI189.png?imageMogr2%2Fthumbnail%2F%21320x200r%2Fgravity%2FCenter%2Fcrop%2F%21320x200%2Fquality%2F90, 3348, 攀枝花市位于四川省西南部，金沙江和雅砻江交汇处，是中国唯一以花名命名的城市，为“南方丝绸之路”上重要的交通枢纽和商贸物资集散地。攀枝花矿产资源丰富，是是中国西部最大的钢铁钒钛和能源基地，被誉为“富甲天下的聚宝盆”、“中国西部工业明珠”。攀枝花市旅游资源丰富而独特，拥有国家、省级森林公园多处，被称为植物学家的天堂，有惊险刺激的“万里长江第一漂”，以及红格温泉、苏铁林、米易望月楼、青龙洞等景点。
14653, 自贡, http:\/\/n1-q.mafengwo.net\/s7\/M00\/EF\/D9\/wKgB6lSjtImAQLMZAAi0SjGklIU921.png?imageMogr2%2Fthumbnail%2F%21320x200r%2Fgravity%2FCenter%2Fcrop%2F%21320x200%2Fquality%2F90, 3222, 自贡位于四川南部，拥有丰厚的历史文化积淀，独具风韵的人文景观和自然景观，以其独特的风采和格韵，屹立于中国城市之林。市内以自流井、贡井为主体的布局与起伏的山峦、蜿蜒的河溪交错穿插，形成了融山、水、城为一体的“半城青山半城楼”的山林城市风貌。此外，恐龙博物馆、彩灯博物馆、世界地质公园等人文景观也是值得一游的地方。
18829, 南充, http:\/\/b1-q.mafengwo.net\/s9\/M00\/3F\/9B\/wKgBs1cZl9WAJlEFAAD1UxIIr3c74.jpeg?imageMogr2%2Fthumbnail%2F%21320x200r%2Fgravity%2FCenter%2Fcrop%2F%21320x200%2Fquality%2F90, 3126, 南充市位于四川盆地东北、嘉陵江中游，是四川省第二人口大市。南充有2200多年的建城史，早在唐尧、虞舜之前便谓“果氏之国”。南充是三国文化和春节文化的发祥地，民风淳朴，民俗优雅，三国文化、丝绸文化、红色文化和嘉陵江文化交融生辉，川北大木偶、川北灯戏、川北剪纸、川北皮影饮誉中外，孕育了辞赋大家司马相如、史学大家陈寿、天文历法巨匠落下闳和忠义大将军纪信等众多历史名人。
15982, 蜀南竹海, http:\/\/n1-q.mafengwo.net\/s7\/M00\/91\/12\/wKgB6lSjYPKAC6J8AAeGweRSg_4270.png?imageMogr2%2Fthumbnail%2F%21320x200r%2Fgravity%2FCenter%2Fcrop%2F%21320x200%2Fquality%2F90, 2944, 翠甲天下的蜀南竹海，位于四川南部的宜宾市境内，素以雄、险、幽、峻、秀著名，其中天皇寺，天宝寨、仙寓洞、青龙湖、七彩飞瀑、古战场、观云亭、翡翠长廊、茶化山、花溪十三桥等景观被称为“竹海十佳”。蜀南竹海景区内共有竹子400余种，7万余亩，是我国最大的集山水、溶洞、湖泊、瀑布于一体，兼有历史悠久的人文景观的最大原始“绿竹公园”；空气清新，纯净，离子含量较高，是我国一级环保旅游区。
13518, 泸州, http:\/\/n1-q.mafengwo.net\/s7\/M00\/8E\/66\/wKgB6lSooMaALgpoAAmxjASVcxc796.png?imageMogr2%2Fthumbnail%2F%21320x200r%2Fgravity%2FCenter%2Fcrop%2F%21320x200%2Fquality%2F90, 2905, 泸州市位于四川省东南部，长江和沱江交汇处，中国唯一的酒城，世界级白酒产业基地，闻名遐尔的名酒泸州老窖和郎酒均出自于此。泸州旅游资源丰富，有西南最大的摩天轮、川南最豪华的的城市主题乐园—酒城乐园、泸州老窖景区、黄荆景区、太平古镇、福宝国家森林公园、画稿溪等。除了这些景点外，四川最不缺的便是美食，其中享誉全球的四川火锅便起源于泸州。
19375, 邛崃, http:\/\/p1-q.mafengwo.net\/s7\/M00\/B9\/FD\/wKgB6lSo2H2AXzf6AAbVlMXlOMw716.png?imageMogr2%2Fthumbnail%2F%21320x200r%2Fgravity%2FCenter%2Fcrop%2F%21320x200%2Fquality%2F90, 2950, 邛崃位于成都平原西部，是四川最早的四大古城之一，有“天府南来第一州”之称。这里有天台山、竹溪湖、翁亭公园等著名景点，青山绿水，让人流连忘返。这里有文君井、回澜塔、平乐古镇等人文景观，历史文化更加厚重。
18974, 德阳, http:\/\/b1-q.mafengwo.net\/s7\/M00\/A0\/05\/wKgB6lSotkKAT3n6AAdt4kpXpWg371.png?imageMogr2%2Fthumbnail%2F%21320x200r%2Fgravity%2FCenter%2Fcrop%2F%21320x200%2Fquality%2F90, 2891, 德阳位于四川省，是个历史悠久的城市，旅游资源得天独厚，人文景观占多数。尤其是古蜀国三星堆遗址，还有保存完好、建筑精美的西南地区最大的德阳孔庙；更有雄伟壮观的李冰陵及众多人文景观。当然这里的自然景观也不逊色，有位于龙门山国家地质公园，以“五绝四海”闻名的蓥华山风景名胜区等。这样集人文、自然为一体的德阳，值得前往！
18679, 江油, http:\/\/b1-q.mafengwo.net\/s7\/M00\/99\/32\/wKgB6lSornWAC3-sAAlVliw16pQ200.png?imageMogr2%2Fthumbnail%2F%21320x200r%2Fgravity%2FCenter%2Fcrop%2F%21320x200%2Fquality%2F90, 2633, 江油市自然风光无限、人文昌盛，其太白祠、粉竹楼、陇西院，洗墨池、磨针溪、读书台等十多处遗迹感受诗仙李白饮酒作乐之欢；奇丽险峻的窦圌山、规模宏大的李白纪念馆、千姿百态的岩溶景观，风光如画的养马峡、涪江六峡以及神秘莫测的道教圣地乾元山等自然景观，以其独特的风光和文化吸引着大量的游客观光。
14754, 凉山, http:\/\/p1-q.mafengwo.net\/s7\/M00\/BB\/BA\/wKgB6lSo2tOAdF_yAAaXIAtEsf0149.png?imageMogr2%2Fthumbnail%2F%21320x200r%2Fgravity%2FCenter%2Fcrop%2F%21320x200%2Fquality%2F90, 2220, 凉山彝族自治州位于四川省西南部，东南与云南省隔金沙江相望，州府西昌市位于成昆铁路中段，自古以来就是通往云南和东南亚的“南方丝绸之路”的重镇。西昌还素有“月城”之雅称，西昌卫星发射中心所在地，是闻名中外的航天城。境内有汉、彝、藏、蒙古、纳西等10多个世居民族，是我国最大的彝族聚居区。这里冬无严寒，夏无酷暑，四季如春，享有“万紫千红花不谢，冬暖夏凉四时春”之誉。境内具有浓郁的民族特点和地区特点、民俗风情古朴而丰富多彩，如，独具特色的彝族民风、民俗和泸沽湖畔摩梭人的"走婚"习俗。旅游资源丰富，有泸沽湖、螺髻山、西昌古城、邛海大风顶自然保护区、雷波马湖风景区、会理古城等旅游景点。
19312, 彭州, http:\/\/p1-q.mafengwo.net\/s7\/M00\/97\/B3\/wKgB6lSjZ-yAMGcBAAhTeBw8uGg035.png?imageMogr2%2Fthumbnail%2F%21320x200r%2Fgravity%2FCenter%2Fcrop%2F%21320x200%2Fquality%2F90, 1331, 彭州市位于四川省会成都西北部，有着悠久的历史文明，素有“天府金盆”、“蜀汉名区”之美誉，自然地理人文风物独具特色。“牡丹故乡、避暑天堂、五教汇聚、地质奇观”让彭州成为了旅游胜地，5·12地震不但没有摧毁彭州，更使其发展为了以白鹿中法传统风情小镇、海窝子明清仿古小镇、寿阳泉川西民院落等为代表的新兴旅游地区。
14238, 遂宁, http:\/\/p1-q.mafengwo.net\/s9\/M00\/F0\/D8\/wKgBs1Zf986AKUzsAAML6t8uEkc44.jpeg?imageMogr2%2Fthumbnail%2F%21320x200r%2Fgravity%2FCenter%2Fcrop%2F%21320x200%2Fquality%2F90, 3140, 遂宁是中国著名的观音文化之乡，素有“小成都”、“东川巨邑”、“川中重镇”、“西部水都”之称。遂宁境内旅游资源丰富，有广德寺（国家4A级景区）、灵泉寺（国家4A级景区）、中国死海旅游度假区（国家4A级景区）、国家地质公园（国家4A级景区）。其他景点还包括宋朝青瓷博物馆、陈子昂故里——金华山景区。
64481, 黑水, http:\/\/b1-q.mafengwo.net\/s7\/M00\/F9\/CB\/wKgB6lSpHSKAVmU9AAjOj6kone8047.png?imageMogr2%2Fthumbnail%2F%21320x200r%2Fgravity%2FCenter%2Fcrop%2F%21320x200%2Fquality%2F90, 1337, 黑水县位于四川省西北部，阿坝州中部，平均海拔3544米，县城海拔：2350米，旅游资源十分丰富。卡龙沟风景区内钙华飞瀑、温泉流水溶洞石钟乳绚丽多姿；奶子沟彩林被誉为中国罕见的“八十里画廊”；达古冰川是神秘多姿的现代冰川，挑战自我极限；巍峨屹立的三奥雪山，热水塘温泉等自然景观；还有唐朝摩崖造像、明清时期的石刻石碑、记忆着旧时土司权倾一方与农奴血泪的芦花官寨、红军长征史迹等人文景观和浓郁的藏羌民族文化风情及神秘的宗教文化等旅游资源。
16216, 大邑, http:\/\/b1-q.mafengwo.net\/s7\/M00\/9F\/CC\/wKgB6lSjbuyAUL97AAoXBTkMwyo939.png?imageMogr2%2Fthumbnail%2F%21320x200r%2Fgravity%2FCenter%2Fcrop%2F%21320x200%2Fquality%2F90, 1584, 大邑县位于成都平原西部，境内有国家级风景名胜区——西岭雪山，是成都第一峰，山顶有终年不化的积雪，在阳光照射下，洁白晶莹，银光闪闪，颇为状观，是东方的阿尔卑斯；山上的花水湾温泉，冬暖夏凉，吸引了不好游客，正所谓“早晨爬西岭雪山，晚上泡花水湾温泉”；还有道教发源地鹤鸣山、佛教圣地雾中山、高堂寺风景名胜区、新场古镇、赵云墓等景点也是值得一一游览。
14767, 黄龙溪, http:\/\/p1-q.mafengwo.net\/s7\/M00\/92\/97\/wKgB6lSjYt-AHfCeAAjH3Mdw5hs172.png?imageMogr2%2Fthumbnail%2F%21320x200r%2Fgravity%2FCenter%2Fcrop%2F%21320x200%2Fquality%2F90, 1278, 黄龙溪位于成都平原南部，距成都市区40公里，距双流县城35公里，是以旅游业为龙头，农业为基础的旅游型城镇，是成都市郊区新的旅游热点，是以旅游业为主，商贸服务业为辅的旅游型山水小城镇。被誉为中国民间艺术火龙之乡、国家级小城镇建设试点镇、国家级小城镇经济综合开发示范镇、四川省首批历史文化名镇、四川省省级风景名胜区、成都市旅游重点镇。黄龙溪位于成都双流县西南部府河、鹿溪河交汇处；是一个风景优美、历史悠久并拥有浓厚文化底蕴的川西水上古镇，有着丰富的自然景观资源和人文旅游资源。
15274, 巴中, http:\/\/b1-q.mafengwo.net\/s7\/M00\/EA\/EB\/wKgB6lSpCEyAeRJhAAgcG8N4Igc415.png?imageMogr2%2Fthumbnail%2F%21320x200r%2Fgravity%2FCenter%2Fcrop%2F%21320x200%2Fquality%2F90, 1828, 巴中市，位于四川盆地东北部，川东北中心城市。巴中自然风光优美，北方的雄伟壮观与南方的秀美温婉在这里完美的融合，素有 “川东北氧吧”之称。巴中也是著名红色革命老区，有全国最大的红军烈士陵园和邓小平、江泽民等党和国家领导人亲笔题词的“川陕革命根据地博物馆。巴中境内旅游资源丰富，拥有光雾山、诺水河、米仓山、恩阳古镇、南龛石窟、红四方面军总指挥部旧址纪念馆、空山国家森林公园等多处景区。
18415, 松潘, http:\/\/p1-q.mafengwo.net\/s7\/M00\/F4\/C3\/wKgB6lSjuFiAenOCAAdaQ8T1QBM113.png?imageMogr2%2Fthumbnail%2F%21320x200r%2Fgravity%2FCenter%2Fcrop%2F%21320x200%2Fquality%2F90, 1789, 松潘是我国古代地处边陲的军事重镇，是内地与西羌吐蕃茶马互市的集散地，有“高原古城”之称。东接平武县，南邻茂县，东南与北川县相邻，西及西南紧靠红原县、黑水县，北与九寨沟县、若尔盖县接壤。这里的自然风光十分美丽，夏秋季节来到此地，可欣赏到如仙境般的绝美景色。
153088, 达瓦更扎, http:\/\/b1-q.mafengwo.net\/s8\/M00\/C5\/78\/wKgBpVWiB9aAcDBoAAJ1kIQxrIY84.jpeg?imageMogr2%2Fthumbnail%2F%21320x200r%2Fgravity%2FCenter%2Fcrop%2F%21320x200%2Fquality%2F90, 1012, 达瓦更扎位于四川省宝兴县硗碛藏族乡嘎日村境内，达瓦更扎（为嘉绒藏语，意为“美丽的神山”）。此地海拔约3900米左右，面积近200平方公里，属于邛崃山脉，地势北高南低。在四川省雅安市、甘孜州以及阿坝州的交界处。宝兴县嘎日村为帮助当地藏民发展牧业修建的一条24公里的“通天路”已经建成通车。该路尽头地势陡险，视野开阔，既可环顾北面的四姑娘山、南面的帕格拉神山、西面的贡嘎群峰等名山，也可观赏云瀑、草甸、森林、湖泊、峡谷、藏寨等各类景观。
12427, 北川, http:\/\/b1-q.mafengwo.net\/s7\/M00\/A4\/89\/wKgB6lSovCKAOQVxAAhDfr10tP0409.png?imageMogr2%2Fthumbnail%2F%21320x200r%2Fgravity%2FCenter%2Fcrop%2F%21320x200%2Fquality%2F90, 2694, 北川县位于四川盆地西北部，四季如画，空气清新，全境皆山，峰峦起伏，沟壑纵横，民俗独特，旅游资源十分丰富。以全球同纬度地区生态环境保存最完整的小寨子沟、千佛山、片口自然保护区为代表的自然生态旅游开发区；以禹里为中心，方圆数公里的大禹故里风景名胜区；以猿王洞险山自然风景区为代表的川西北最大溶洞群；还有明代所建的古城堡遗址永平堡，及浓郁的羌族文化风情，组成了丰富的旅游资源。
64474, 茂县, http:\/\/n1-q.mafengwo.net\/s7\/M00\/65\/CF\/wKgB6lSp-_SAEL1ZAAcQvJUy4No778.png?imageMogr2%2Fthumbnail%2F%21320x200r%2Fgravity%2FCenter%2Fcrop%2F%21320x200%2Fquality%2F90, 1319, 茂县位于阿坝东南部，境内高山耸峙、峰峦叠嶂、河谷深邃、悬崖壁立，有“峭峰插汉多阴谷”之称。茂县是重要的交通枢纽地，同时也是途经“九环线西线”前往世界自然遗产九寨沟、黄龙的必经之地。茂县是我国最大的羌民族聚居地，文化底蕴很厚，县城内有羌族博物馆。旅游资源丰富，有以“羌乡古寨”为代表的国家4A级景区；有省级风景名胜区叠溪·松坪沟和九鼎山——文镇沟大峡谷，有世界上保护较为完整的叠溪地震遗址，有黑虎羌寨碉楼群和营盘山新石器时代文化遗址，有宝鼎沟国家自然保护区和土地岭国家森林公园。此外，还有九鼎山高山滑雪场、羌城、黑虎羌寨等新的旅游景点。
44453, 内江, http:\/\/n1-q.mafengwo.net\/s7\/M00\/6F\/F0\/wKgB6lSqCXuAZFQaAAhKfcilRLw726.png?imageMogr2%2Fthumbnail%2F%21320x200r%2Fgravity%2FCenter%2Fcrop%2F%21320x200%2Fquality%2F90, 2456, 内江市位于四川省东南部，沱江下游中段，东邻重庆，南界泸州，西接自贡，西北连眉山市，北与资阳市相邻。是重要棉、蔗产区和蔗糖工业中心，素有“甜城”之称。内江市是著名国画家张大千的故乡，现在市内有为纪念张大千而建的大千园。此外，市内还有白云山，圣水寺，静安寺，资中古街，白牛寨森林公园等人文自然景观。在内江还可以品尝到大千鸡块、内江牛肉面、王记牛肉干、甜城蜜饯等特色美食。
14946, 红原, http:\/\/p1-q.mafengwo.net\/s7\/M00\/9B\/A5\/wKgB6lSjaziAJLTTAAVDTjOxcIU974.png?imageMogr2%2Fthumbnail%2F%21320x200r%2Fgravity%2FCenter%2Fcrop%2F%21320x200%2Fquality%2F90, 1430, 红原县位于四川马尔康自治州的中部，是当年中国工农红军长征经过的雪山草地，因此被称为红原。红原县境内草原辽阔，水草丰茂，矿藏、森林极为丰富。红原的特色自然景观一为草原湿地，二为雪山、森林湿地景观，牧歌、帐篷、牛羊星罗棋布，美不胜收的人间天堂。
21831, 广安, http:\/\/p1-q.mafengwo.net\/s7\/M00\/A6\/9A\/wKgB6lSovo-AR4SnAAnlJ_9Kpbk168.png?imageMogr2%2Fthumbnail%2F%21320x200r%2Fgravity%2FCenter%2Fcrop%2F%21320x200%2Fquality%2F90, 2313, 广安市位于四川东部，是改革开放和社会主义现代化建设总设计师邓小平的故乡，有“川东门户”之称。 广安旅游资源丰富独特，为旅游业的发展提供了可靠的依托。几千年文化积淀形成的历史遗迹，喀斯特自然地貌造就的奇山异水，多姿多彩，神奇迷人。此外广安还有丰富的历史和人文景观。邓小平故居及相关遗迹，中国十大考古发现之一、国家重点文物保护单位南宋安丙族属墓群，国八大佛教胜地之一，华蓥山等。
15981, 剑阁, http:\/\/n1-q.mafengwo.net\/s7\/M00\/F0\/48\/wKgB6lSpDsKAGoLoAAnUkWYZAYg804.png?imageMogr2%2Fthumbnail%2F%21320x200r%2Fgravity%2FCenter%2Fcrop%2F%21320x200%2Fquality%2F90, 1917, 剑阁县位于四川盆地北缘，地处川、陕、甘三省结合部，古称剑门，为秦蜀要冲，因诸葛亮在剑门关凌空凿石修建飞梁阁道而得名，素有“蜀北屏障、两川咽喉”之称。李白《蜀道难》中用“剑阁峥嵘而崔嵬，一夫当关，万夫莫开”来表述剑门的天险。境内有国家4A级风景名胜区，剑阁景区，还有迄今为止最古老保存最完好的古代道路交通系统，被誉为“世界第一古道“的翠云廊景区，姜维石像，觉苑寺等。
21261, 米亚罗, http:\/\/p1-q.mafengwo.net\/s7\/M00\/95\/1A\/wKgB6lSoqd6AZ7AeAAkbVzpcymk354.png?imageMogr2%2Fthumbnail%2F%21320x200r%2Fgravity%2FCenter%2Fcrop%2F%21320x200%2Fquality%2F90, 1602, 米亚罗，藏语译为“好玩的坝子”，风景区地处于四川理县，全景区东西长127公里，境内群山连绵，峡谷幽深，林海浩瀚，空气清新，浓厚的历史积淀和神秘的峡谷风情，境内杂谷脑河串起来的米亚罗红叶、古尔沟温泉、鹧鸪山雪景、毕棚沟、龙胆沟瀑布、羌村藏寨、佛教寺庙等景观，是一个非常值得一游的地方。
29378, 莫斯卡, http:\/\/b1-q.mafengwo.net\/s7\/M00\/95\/DD\/wKgB6lSoqpmASbCuAAksoTbcPaY992.png?imageMogr2%2Fthumbnail%2F%21320x200r%2Fgravity%2FCenter%2Fcrop%2F%21320x200%2Fquality%2F90, 1129, 莫斯卡村位于四川甘孜藏族自治州东部丹巴县境内，距县城100余公里。在四川丹巴金龙大雪山旁，为横断山脉峡谷地带，是横跨甘孜、阿坝两州，涉及道孚、金川、丹巴三县的高原牧场。莫斯卡村被三座神山环抱，集雪山、森林、草原、冰河、海子为一体，生活在这里的牧民，沿着祖辈最自然、最古老的生活方式，过着与世隔绝、诗意般的生活。这里的自然风景十分美丽，让人仿佛身处于梦幻般的世界中，因此也有人称这里是”被遗落的天堂“。
63021, 双流, http:\/\/b1-q.mafengwo.net\/s7\/M00\/60\/30\/wKgB6lSp9IKACIbwAAr9qSYLHXY092.png?imageMogr2%2Fthumbnail%2F%21320x200r%2Fgravity%2FCenter%2Fcrop%2F%21320x200%2Fquality%2F90, 1348, 双流位于成都市西南郊，距成都16公里，境内有汉广都遗址、卧云寺、金华庵等文物古迹，除估计外，黄龙溪古镇、紫湖公园、棠湖公园、明水寺、万柏、古佛堰等名胜也是难得一见的美景。黄龙溪位于双流县东南，距成都47公里，属四川历史文化古镇和市级旅游风景名胜区，不仅风光秀丽，环境优美，还具有典型川西小镇的风格，吸引了不少电影和电视摄影组到镇拍片，素有“影视城”、“中国好莱坞”之称，双流县城边有棠湖公园，被誉为川西园林中一颗璀烂的明珠。
34802, 崇州, http:\/\/b1-q.mafengwo.net\/s7\/M00\/F1\/43\/wKgB6lSpEFWAAGQvAAWhqlS582I241.png?imageMogr2%2Fthumbnail%2F%21320x200r%2Fgravity%2FCenter%2Fcrop%2F%21320x200%2Fquality%2F90, 1422, 有“蜀中之蜀”、“蜀门重镇”之称的崇州位于天府之国的腹心，属四川省成都市。资源丰富，美丽富饶，风景迷人，历史悠久，是老子思想的创立发扬地。崇州还形成了以森林文化、熊猫文化、龙文化为主的雪山森林、湖光山色游览区，真是一座极富盛名的魅力之城啊。
21832, 达州, http:\/\/p1-q.mafengwo.net\/s7\/M00\/FC\/E9\/wKgB6lSpIgCALmqTAAYLgSHKW9k971.png?imageMogr2%2Fthumbnail%2F%21320x200r%2Fgravity%2FCenter%2Fcrop%2F%21320x200%2Fquality%2F90, 1935, 达州市是四川省的一个地级市，达州历史悠久，人杰地灵。位于四川东北部，大巴山南麓。是四川省的人口大市、农业大市、工业重镇，有“川东明珠”之誉。达州市的名山大川、河湖风光、花草树木、飞禽走兽等，自然景色绚丽多姿，被明代著名地理学家徐霞客赞为“西南奇胜”。达州市历史悠久，庙宇古塔，石刻雕塑遍布全境；历代能工巧匠、文人墨客，留下了大量文物古迹。革命文物亦为丰富。
15984, 邛海, http:\/\/p1-q.mafengwo.net\/s7\/M00\/E6\/5F\/wKgB6lSjrSOAUqOgAAVRY_TDnkU810.png?imageMogr2%2Fthumbnail%2F%21320x200r%2Fgravity%2FCenter%2Fcrop%2F%21320x200%2Fquality%2F90, 1335, 邛海，位于四川省凉山彝族自治州西昌市，属于断陷湖，是四川省第二大淡水湖，是四川省十大风景名胜区之一。邛海不仅景色秀美，还有众多民间传说，更烘托出它的神秘和美丽。意大利著名旅行家马可.波罗在他的《马可.波罗游记》中写道：“碧水秀色，草茂鱼丰，珍珠硕大，美不胜收，其气候与恬静远胜地中海，真是东方之珠啊。”
11719, 巴塘, http:\/\/b1-q.mafengwo.net\/s7\/M00\/C5\/8B\/wKgB6lSo5GyAHSmxAAgwi0ibuv0149.png?imageMogr2%2Fthumbnail%2F%21320x200r%2Fgravity%2FCenter%2Fcrop%2F%21320x200%2Fquality%2F90, 1851, 巴塘县地处川西北丘养高原山区，旅游资源丰富。巴塘县境内有规模密度在我国是独一无二的海子山，平均海拔4500米，最高峰果银日则海拔为5020米，共有1145个大小海子；而峭壁嶙峋、山岩裸露的扎金甲博神山上怪石林立、形态万千，独特的风貌使它在多山的高原仍是那般出众，让人流连忘返；巴塘弦子历史悠久，人们绕圆而舞，长袖飘飞，女子蜻蜓点水，逍遥自在，男子刚健有力，激烈奔放。
36836, 金川, http:\/\/n1-q.mafengwo.net\/s9\/M00\/D3\/9B\/wKgBs1bD5yGAd9kIAAOsKyuvWWw97.jpeg?imageMogr2%2Fthumbnail%2F%21320x200r%2Fgravity%2FCenter%2Fcrop%2F%21320x200%2Fquality%2F90, 1374, 金川县地处青藏高原东部边缘，与马尔康、小金、壤塘、道孚、丹巴相邻，是阿坝州连接甘孜州和四川进出青海的重要通道。金川县气候宜人、物产丰富，被誉为阿坝水能第一县、阿坝 “新江南”、中国 “雪梨之乡”。金川县自然、人文景观丰富。有“雪域高原第一碑”御制平定金川勒铭噶喇依之碑；有清代四大皇庙之一的广法寺；有高49.5米的“中国碉王”－－关碉；有“拉萨第二”之称的土基钦波观音庙佛教圣地等。每到春季的时候，境内的梨花开放，整个县城会成为一个花海，十分美丽。
46641, 汉源, http:\/\/p1-q.mafengwo.net\/s7\/M00\/ED\/EA\/wKgB6lSjsyKAPBHUAAW6ZACL5c8806.png?imageMogr2%2Fthumbnail%2F%21320x200r%2Fgravity%2FCenter%2Fcrop%2F%21320x200%2Fquality%2F90, 1130, 汉源，位于四川省雅安市，有“中国花椒之乡”之称，气候独特、资源丰富，历史悠久、文化灿烂。汉源是“南方丝绸之路”、“茶马古道”的要道，"古牦牛道"记叙着"南方丝绸之路"的悠悠岁月；太平天国、辛亥革命、万里长征，曾在这里写下可歌可泣的壮丽诗篇，景色迷人，文化底蕴丰厚。
63005, 九龙, http:\/\/p1-q.mafengwo.net\/s7\/M00\/FB\/09\/wKgB6lSpHuqAJwf8AAb3vCTlDBs455.png?imageMogr2%2Fthumbnail%2F%21320x200r%2Fgravity%2FCenter%2Fcrop%2F%21320x200%2Fquality%2F90, 1495, 九龙县地处攀西平原与青藏高原的过渡地带，有“一山分四季，十里不同天”之说。境内山川秀丽，景色迷人。从地理、自然、经济和社会全方位概括，具有以下五个之“最”。—是中国西部自然特征最为明显的县份之一；二是中国西部民俗文化最为独特的县份之一；三是中国西部生态资源最为富集的县份之一；四是中国西部生态系统保存最为完好的县份之一；五是中国藏区地理环境、战略地位最为突出的县份之一。
16463, 犍为, http:\/\/p1-q.mafengwo.net\/s7\/M00\/D7\/D4\/wKgB6lSjolqACivSAAr8FlFLsTk893.png?imageMogr2%2Fthumbnail%2F%21320x200r%2Fgravity%2FCenter%2Fcrop%2F%21320x200%2Fquality%2F90, 1113, 犍为县隶属四川省乐山市，是乐山市第一大县，当地四季分明，气候宜人，冬暖夏凉。犍为是一个节奏缓慢的地方，漫步其中，不胜惬意，其中嘉阳小火车、罗城古镇、犍为文庙、同兴桫椤湖、茉莉花基地等是非常出彩的景点，除此之外，犍为颇具特色的民风民俗和风土人情也是一大亮点。
14769, 洛带古镇, http:\/\/p1-q.mafengwo.net\/s7\/M00\/A6\/77\/wKgB6lSjdbeAWuYVAAZYtB3bXsw069.png?imageMogr2%2Fthumbnail%2F%21320x200r%2Fgravity%2FCenter%2Fcrop%2F%21320x200%2Fquality%2F90, 1217, 洛带古镇位于成都市龙泉镇北10公里，坐落在龙泉山脉中段的二峨山麓，建于三国蜀汉时期，传说因蜀汉后主刘禅的玉带落入镇旁的八角井中而得名。镇上居民客家人占9成，故有中国西部客家第一镇之称。洛带古镇文化底蕴非常厚重，镇内千年老街、客家民居保存完好，老街呈“一街七巷子” 格局，空间变化丰富；街道两边商铺林立，属典型的明清建筑风格。可以说，洛带古镇就是一部浓缩了的客家移民史，极具历史、建筑、文化、科学价值。
20910, 柳江古镇, http:\/\/n1-q.mafengwo.net\/s7\/M00\/DE\/70\/wKgB6lSjp_CAZGi4AAhcFla4lFc706.png?imageMogr2%2Fthumbnail%2F%21320x200r%2Fgravity%2FCenter%2Fcrop%2F%21320x200%2Fquality%2F90, 1128, 柳江古镇，位于四川省眉山市洪雅县城西南35公里花溪河支流柳江两岸，这里有川西风情吊脚楼、中西合壁曾家园、访古寻悠水码头、亲水临河古栈道、百年民居汇老街，还有圣母山碑林、世界第一大睡观音、108棵千年古树等特色景观。柳江被称作“烟雨柳江”，古镇伴着淅沥的小雨、朦胧的灯火，让人仿佛置身于世外桃源。
15983, 马尔康, http:\/\/p1-q.mafengwo.net\/s7\/M00\/A7\/8C\/wKgB6lSowEWATxIcAAhCj1f9FcI872.png?imageMogr2%2Fthumbnail%2F%21320x200r%2Fgravity%2FCenter%2Fcrop%2F%21320x200%2Fquality%2F90, 1194, 马尔康，藏语意为“火苗旺盛的地方”，位于四川阿坝州，群山连绵，沟谷险峻，北临红原大草原，南接卧龙大熊猫自然保护区。卓克基嘉绒藏族文化旅游景区背靠着山，前面临河，景色秀丽，区内的卓克基土司官寨是国家重点文物保护单位。由于马尔康位于藏民族嘉绒地区的腹心地带，长期的民族融合，在这里你可以感受马尔康带来的独特的嘉绒藏族风土人情。
28991, 什邡, http:\/\/b1-q.mafengwo.net\/s7\/M00\/67\/85\/wKgB6lSp_g-AGSv0AARhgkB0UW0324.png?imageMogr2%2Fthumbnail%2F%21320x200r%2Fgravity%2FCenter%2Fcrop%2F%21320x200%2Fquality%2F90, 1417, 什邡市是四川省德阳市的一个县级市。位于四川腹心地带成都平原，南距成都市主城区40余公里，以其资源丰富、环境优越，素有“川西明珠”的美誉，也是四川省内的经济强县。公元前221年建县至今，已有2400多年历史，是四川省历史文化名城。曾因大禹的足迹而享有“禹迹仙乡”之美誉，秦代著名水利学家李冰曾在此治水并仙逝于此。什邡还是佛教南禅八祖马道一的故里，汉代名将雍齿的受封之地。此外，什邡市内还有众多自然景观，省级名胜—蓥华山，2以及53平方公里的原始森林等。
66245, 荥经, http:\/\/n1-q.mafengwo.net\/s6\/M00\/77\/BA\/wKgB4lN7HDKAGcSvAAGGDReotVQ62.jpeg?imageMogr2%2Fthumbnail%2F%21320x200r%2Fgravity%2FCenter%2Fcrop%2F%21320x200%2Fquality%2F90, 1400, 荥经，古称严道，是四川省雅安市下辖的一个县。是古代南方丝绸之路重镇和茶马古道的重要驿站。位于四川盆地西部边缘，北望成都，南通云贵，东邻峨眉，西连康巴。荥经县自然资源丰富，森林覆盖率高，美丽的原始森林风光，素有“天然氧吧”之美称。荥经还有“世界鸽子花之都”的美誉。境内旅游资源丰富，最著名的景点是牛背山。牛背山视野开阔，云海壮丽，被誉为“中国最大的观景平台”是绝佳的摄影圣地。牛背山的云海，浓密而均匀，壮阔而平缓，随处可见的瀑布云犹如阿凡达中“哈利路雅山”一般让人感觉踏步于空中。是最受徒步爱好者或是摄影发烧友欢迎的景点之一。
15979, 安仁古镇, http:\/\/p1-q.mafengwo.net\/s7\/M00\/8F\/57\/wKgB6lSoonKAFZ4YAAaS2_JJZSU623.png?imageMogr2%2Fthumbnail%2F%21320x200r%2Fgravity%2FCenter%2Fcrop%2F%21320x200%2Fquality%2F90, 1321, 安仁古镇始建于唐朝，现存的旧式街坊建筑多建于清末民初时期，尤以民国年间刘氏家族鼎盛时期的建筑最多，小镇号称“川西建筑文化精品”。目前安仁保存比较完整的历史街区及庄园住宅古建筑群面积约30万平方米，有保存民清时期的刘氏庄园群、刘湘公馆等古公馆27座；有红星街、树人街、裕民街三条古街；小洋楼（原公益协进社址）、安仁中学（原文彩中学）、钟楼等。普罗旺斯薰衣草庄园、蓝莓基地也吸引了无数游客前往。
11610, 川北, http:\/\/n1-q.mafengwo.net\/s9\/M00\/3E\/58\/wKgBs1cZlWSATEXnAAGvnajAjMQ56.jpeg?imageMogr2%2Fthumbnail%2F%21320x200r%2Fgravity%2FCenter%2Fcrop%2F%21320x200%2Fquality%2F90, 1041, 川北，即四川省北部地区。包括川北中心城市南充市以及广元、遂宁、德阳三市全部，巴中市西部，南充市南部县、阆中市，成都市金堂县、青白江区，阿坝州东部（松潘、九寨沟）一带以及重庆市潼南县。
13816, 平乐古镇, http:\/\/b1-q.mafengwo.net\/s7\/M00\/A9\/9E\/wKgB6lSjeHOAfNRxAAiHAQmYMbI948.png?imageMogr2%2Fthumbnail%2F%21320x200r%2Fgravity%2FCenter%2Fcrop%2F%21320x200%2Fquality%2F90, 1537, 平乐古镇位于四川省成都邛崃市境内，是全国历史文化名镇，以"秦汉文化-川西水乡"风情著称，有"一平二固三夹关"的美誉。它以镇区古朴的街区和原味淳朴的川西民风民俗而闻名。平乐古镇古镇区内，老榕树、白沫江、沿江而建的吊脚、青石铺成的街道、一望无涯的竹海，鳞次栉比的清明古建筑，演绎着中国丰厚而灿烂的历史文明。古镇外，芦沟、金华山、花楸山和秦汉古驿道等无一不充满着山水田园情怀。
26923, 郫都区, http:\/\/b1-q.mafengwo.net\/s7\/M00\/72\/AA\/wKgB6lPt1QyARFGRAAeVUb57W4g78.jpeg?imageMogr2%2Fthumbnail%2F%21320x200r%2Fgravity%2FCenter%2Fcrop%2F%21320x200%2Fquality%2F90, 1467, 郫县，地处川西平原腹心地带，四川省成都市下辖的一个县，是通往世界著名风景名胜区都江堰、青城山、黄龙和九寨沟的必经之路。因“杜宇化鹃”的美丽传说，郫县又称鹃城。郫县旅游资源众多，山清水秀，人杰地灵，还有深厚的文化底蕴。境内有望丛祠、杜鹃城遗址、古城遗址、扬雄墓、子云亭墓等名胜古迹。
18173, 洪雅, http:\/\/n1-q.mafengwo.net\/s7\/M00\/F2\/70\/wKgB6lSpEaWAbs2DAAdTwv5gTr4354.png?imageMogr2%2Fthumbnail%2F%21320x200r%2Fgravity%2FCenter%2Fcrop%2F%21320x200%2Fquality%2F90, 1052, 洪雅位于四川盆地西南，是生态大县，素有“七山二水一分田”的美誉，境内拥有瓦屋山、七里坪、柳江古镇、槽渔滩四大景区，是四川省重要的生态、休闲、度假旅游胜地。位于洪雅县城南20公里处的八面山，名胜古迹随处可见，主要有苟王寨和尖峰古城。
63461, 宝兴, http:\/\/b1-q.mafengwo.net\/s7\/M00\/8D\/E2\/wKgB6lSqLYiAKKYsAArG4KxmG3Q728.png?imageMogr2%2Fthumbnail%2F%21320x200r%2Fgravity%2FCenter%2Fcrop%2F%21320x200%2Fquality%2F90, 1041, 宝兴县位于四川西部，雅安市北部，夹金山下，1869年法国传教士阿尔芒·戴维德在盐井乡蜂桶寨自然保护区邓池沟发现大熊猫，是四川西部大熊猫生态旅游环线上的重要节点。境内有蜂桶寨国家级大熊猫自然生态保护区及夹金山国家森林公园；有宛如世外桃源、可观“春花、夏林、秋叶、冬雪”且有“八月桂花四月开”奇异景观的赶羊沟；有戴维制作“动物活化石”大熊猫、“植物活化石”珙桐、“昆虫活化石”达维两栖甲标本的场所，是生态休闲避暑度假的旅游胜地。
24438, 广汉, http:\/\/p1-q.mafengwo.net\/s7\/M00\/F3\/42\/wKgB6lSpEs-Ab9YaAAsikh89NSA541.png?imageMogr2%2Fthumbnail%2F%21320x200r%2Fgravity%2FCenter%2Fcrop%2F%21320x200%2Fquality%2F90, 1181, 有“成都后花园”之称的广义市位于“天府之国”成都平原腹心地带，地势平坦，气候温和宜人，土地肥沃，河流纵横，风光旖旎。自然资源丰富，旅游业发达，人才辈出，是一座熠熠生辉的城市，散发着夺目的光彩。广汉市位于“天府之国”成都平原腹心地带，北临德阳市区17公里，南距成都市区23公里，自古有“蜀省之要衢，通京之孔道”之说。境内地势平坦，气候温和，河流纵横，土地肥沃，市容整洁，风光秀丽，被誉为“成都的后花园”。广汉是“四川省经济综合实力十强县”之一，也是成都都市圈、成绵乐经济带，成都半小时经济圈重要组成部分，经济以工业为主，第三产业蓬勃发展。
17625, 木里, http:\/\/b1-q.mafengwo.net\/s7\/M00\/EC\/27\/wKgB6lSpCc6AVohXAAjB9zHwpSE328.png?imageMogr2%2Fthumbnail%2F%21320x200r%2Fgravity%2FCenter%2Fcrop%2F%21320x200%2Fquality%2F90, 1342, 木里藏族自治县地处青藏高原南缘，横断山脉中段，位于四川省西南边缘，境内山峦重叠，河流环绕。县境东面和东北面与冕宁县及甘孜州九龙、康定二县隔雅砻江遥望，北面与甘孜州雅江、理塘二县接壤。西南和西北面与甘孜州稻城县连界，南面和东南面与本州盐源毗邻，西南面与云南省迪庆藏族自治州中甸县、丽江地区宁蒗彝族自治县犬牙交错，并同云南省丽江地区丽江纳西族自治县一江相隔。县内最高海拔5958米，最低海拔1470米，相对高差大，气候、土壤、植被呈明显的垂直变化，形成“一山有四季，十里不同天”的立体气候。
63044, 平武, http:\/\/n1-q.mafengwo.net\/s10\/M00\/33\/A1\/wKgBZ1hzkqWATU_1AA5Vdf17NF474.jpeg?imageMogr2%2Fthumbnail%2F%21320x200r%2Fgravity%2FCenter%2Fcrop%2F%21320x200%2Fquality%2F90, 1021, 平武处于绵阳北部，位于四川盆地西北部，青藏高原向四川盆地过渡的东缘地带，具有典型的山地地貌景观。境内山清水秀，森林茂密，有国家一级保护动物大熊猫、金丝猴、扭角羚等，是“熊猫的故乡”。境内旅游资源众多，有报恩寺、王朗自然保护区、泗耳自然保护区、小河沟自然保护区、北山公园、龙池坪森林公园、白马民族风情等浏览景区。
15975, 街子古镇, http:\/\/p1-q.mafengwo.net\/s7\/M00\/96\/BF\/wKgB6lSoq6WAeEj0AAh-e99Pesk876.png?imageMogr2%2Fthumbnail%2F%21320x200r%2Fgravity%2FCenter%2Fcrop%2F%21320x200%2Fquality%2F90, 1209, 街子古镇位于四川崇州市，毗邻青城后山和九龙山，依山傍水，青山绵亘，层峦叠嶂，常年清水不断，因而有“川西水乡”之名。街子镇所处的凤栖山风景区拥有千亩原始森林，千年古楠、古柏、古杉、古银杏、参天蔽日；山中深藏以光严禅院为中心的32座寺庙等古迹，集自然风光和人文景观于一体，集中反映了清代祖国西南小镇风貌。
37839, 温江, http:\/\/p1-q.mafengwo.net\/s7\/M00\/E5\/79\/wKgB6lSpAfuAKghzAAib4PrXuzM713.png?imageMogr2%2Fthumbnail%2F%21320x200r%2Fgravity%2FCenter%2Fcrop%2F%21320x200%2Fquality%2F90, 1350, 温江位于中国四川省成都市西部，面积277平方公里，人口32.67万。温江全 境位于成都平原腹地，气候温和，河网密布，适合农业耕作，素有“金温江”之称。东临成都市青羊区，南毗双流县，西接崇州市，北靠郫县、都江堰市。区府所在 地－柳城街道办事处人和路距成都市中心城区（二环路）15公里，距双流国际机场18公里。金温江位于中国西部，成都平原内——成都市主城区的重要组成部分，历史悠久，物产丰富，经济发达，自古有“金温江”的美誉。温江区地跨东经103°41′～103°55′，北纬30°36′～30°52′，面积277平方公里，境内均为平坦肥沃的平原。东临成都市青羊区、高新西区，南毗双流县，西接崇州市，北靠郫县、都江堰市。
10315, 唐克, http:\/\/b1-q.mafengwo.net\/s7\/M00\/D0\/43\/wKgB6lSjm--AfczLAAc-A6XQ01M330.png?imageMogr2%2Fthumbnail%2F%21320x200r%2Fgravity%2FCenter%2Fcrop%2F%21320x200%2Fquality%2F90, 1372, 唐克位于四川西北部高原，著名的九曲黄河第一湾就在此地。黄河九曲第一弯地处草原腹心地带，河面宽而蜿蜒，曲折河水分割出无数河洲、小岛，水天一碧，碧波连秀，四时景色，变化万千，风景十分秀丽。索克藏寺是藏传佛教中著名的寺院。面向黄河九曲第一湾，宏伟的建筑依山而建，还有大片的僧侣的居室建在山坡的下方，显得整片建筑错落有致。
66243, 小金, http:\/\/p1-q.mafengwo.net\/s6\/M00\/6D\/48\/wKgB4lN7EGWAdbC3AAHSqAOriIQ80.jpeg?imageMogr2%2Fthumbnail%2F%21320x200r%2Fgravity%2FCenter%2Fcrop%2F%21320x200%2Fquality%2F90, 1384, 小金县，旧名懋功，位于四川省西北部，阿坝藏族羌族自治州南端。境内河流众多，水利资源丰富，是长江流域的水源涵养、水土保持的源头之一。小金为藏、羌、回、汉民族杂居区，嘉绒藏族为主体民族，民族风情独特而多样。自然资源十分丰富，旅游资源得天独厚。境内有中国工农红军万里长征徒步翻越的第一座大雪山—夹金山，被海内外游人敬奉为“东方圣山”的四姑娘山国家风景名胜区，夹金山国家级森林公园，巴郎山抚边风景区，美兴镇风景区等景点。还有日隆喇嘛寺、锅庄坪、朝山会会址、清真寺、观音阁、革命烈士纪念塔灯文物古迹。
10598, 上里, http:\/\/n1-q.mafengwo.net\/s7\/M00\/D5\/8D\/wKgB6lSjoGGAMRLpAAnF6YOzack968.png?imageMogr2%2Fthumbnail%2F%21320x200r%2Fgravity%2FCenter%2Fcrop%2F%21320x200%2Fquality%2F90, 1091, 上里镇位于雅安市雨城区北部，是四川历史文化名镇，亦是四川十大古镇之一，小镇依山傍水，田园小丘，木屋为舍，现仍保留着许多明清风貌的吊脚楼式建筑。除了文化古韵，上里的自然风光也十分迷人，以碧峰峡为代表的自然景点青峰对峙，景色秀雅，是休闲度假，感受古风古韵，放松心情的好去处。
10638, 白玉, http:\/\/n1-q.mafengwo.net\/s7\/M00\/F7\/A2\/wKgB6lSpGi-AeWJ0AAjMXVSDo-g225.png?imageMogr2%2Fthumbnail%2F%21320x200r%2Fgravity%2FCenter%2Fcrop%2F%21320x200%2Fquality%2F90, 1383, 白玉县位于四川的西北部，处青藏高原向云贵高原的过渡地带，属甘孜藏族自治州所辖。白玉，在藏语中为“吉祥幸福”的意思，白玉县旅游资源丰富多彩，有颇具实力的宁玛派寺庙，原始纯净的自然保护区，神秘的山岩父系文化，精美的河坡藏民族手工艺，这些神奇的自然景观和深厚的人文积淀水乳交融，和谐统一，形成了白玉丰富而独特的旅游资源。
144528, 屏山, http:\/\/n1-q.mafengwo.net\/s7\/M00\/BE\/4A\/wKgB6lSqW76AayMbAAeulU8k2M8700.png?imageMogr2%2Fthumbnail%2F%21320x200r%2Fgravity%2FCenter%2Fcrop%2F%21320x200%2Fquality%2F90, 1175, 屏山县自然生态环境优越，空气清新，这里有老君山国家级自然保护区、龙华中国历史文化名镇、八仙山世界第一立佛和丹霞洞石窟群省级重点文物保护单位等，旅游和文化紧紧结合，游客在这里不仅可以感受到美丽的自然风光，更可以感受历史和文化的气息。另外，这里的美食也是一大特色，这里有地道的地方名小吃和特色餐饮。
18329, 映秀, http:\/\/p1-q.mafengwo.net\/s7\/M00\/9D\/0D\/wKgB6lSosqCAS9rBAAa9CZNd4pQ403.png?imageMogr2%2Fthumbnail%2F%21320x200r%2Fgravity%2FCenter%2Fcrop%2F%21320x200%2Fquality%2F90, 1067, 映秀镇地处四川汶川县城南部，与卧龙自然保护区相邻，是阿坝的门户，是前往九寨沟、卧龙、四姑娘山旅游的必经之路。2008年5月12日在四川省汶川县发生8.0级大地震，随后几天多次发生多次强烈余震，映秀镇是震中和重灾区，灾后，阿坝州坚持“不求大、小而美、精致、本色、安全”的基本原则，将映秀镇建成现代抗震建筑博物馆。
63015, 天全, http:\/\/p1-q.mafengwo.net\/s7\/M00\/8F\/96\/wKgB6lSqL4-AYEe1AAf7oyAF8rA872.png?imageMogr2%2Fthumbnail%2F%21320x200r%2Fgravity%2FCenter%2Fcrop%2F%21320x200%2Fquality%2F90, 1378, 天全县在中国四川省中部偏西，是雅安市所辖的一个县。地处四川盆地西部边缘，二郎山东麓，青衣江上游，川藏公路横贯全境，是通往西藏的咽喉要地，也是茶马古道向西延伸必经的第一个县。天全县自然资源丰富，森林覆盖率高，旅游资源众多。境内栖息着大熊猫、金丝猴、牛羚、大鲵等数十种国家珍惜保护动物。境内最著名的旅游景点是二郎山风景名胜区。景区内景观资源丰富、类型多样，具有雄伟、险峻、神奇、韶秀、清幽的风貌。此外境内还有红灵山，白沙河等景点。
63057, 南江, http:\/\/n1-q.mafengwo.net\/s7\/M00\/5E\/CB\/wKgB6lSp8maAPCMqAAs2FjzVMvI164.png?imageMogr2%2Fthumbnail%2F%21320x200r%2Fgravity%2FCenter%2Fcrop%2F%21320x200%2Fquality%2F90, 1137, 南江县位于四川东北边缘，毗邻陕西汉中市和广元旺苍县，是全国第二大苏区—川陕革命根据地的中心之一，第二次国内革命战争时期，徐向前、李先念等老一辈革命家在这里战斗两年多，红四门、禹王宫、将军石和巴山游击队旧居等革命遗址是重要的爱国主义教育基地。南江风景秀丽，被中外专家称为“四川盆地北缘山地重要的生物基因库”，有光雾山风景区、神门洞、皇柏林、小巫峡、断渠公园多处景点，光雾山更有有“九寨看水，光雾看山；山水不全看，不算到四川”之称。
63014, 石棉县, http:\/\/b1-q.mafengwo.net\/s7\/M00\/93\/0F\/wKgB6lSqMvGAfYO5AAhvZyvbTRY162.png?imageMogr2%2Fthumbnail%2F%21320x200r%2Fgravity%2FCenter%2Fcrop%2F%21320x200%2Fquality%2F90, 1243, 石棉县是雅安市所辖的一个县。地处四川省西南部，雅安市最南端，东连汉源县、甘洛县，南接越西县、冕宁县，西依九龙县、康定县、北与泸定县毗邻。石棉县境内自然和旅游资源丰富。有闻名古今中外的红军强渡大渡河胜利纪念地安顺场和太平天国翼王石达开全军覆没遗址；有与海螺沟冰川公园相毗邻的贡嘎山南坡的省级风景区田湾河自然风景区。
10374, 格聂, http:\/\/n1-q.mafengwo.net\/s7\/M00\/9B\/D6\/wKgB6lSosUOAX9ZRAAfXBfS1f88610.png?imageMogr2%2Fthumbnail%2F%21320x200r%2Fgravity%2FCenter%2Fcrop%2F%21320x200%2Fquality%2F90, 1583, 格聂风景区位于康南理塘县热柯乡境内，面积近500平方公里，是一大型风景名胜区，景区功能齐全，景色迷人。景区具有神、奇、雄、秀的特色，格聂山主峰终年白雪皑皑。在阳光照映下，金光闪闪。晴天，在两三百公里以外也能观见主峰高耸入云的壮景。格聂神山也是除喜马拉雅山以外的藏地唯一一个胜乐金刚的圣地，其佛教地位可见一斑。神山的景色秀丽，主峰终年白雪覆盖，山腰以原始森林装点山色，飞泉瀑布穿插其间，山下则是广阔的森林草原，以及清澈碧透的湖泊。
84541, 新都, http:\/\/n1-q.mafengwo.net\/s7\/M00\/EC\/46\/wKgB6lPR-heAZa84AAD4Nsq8kII88.jpeg?imageMogr2%2Fthumbnail%2F%21320x200r%2Fgravity%2FCenter%2Fcrop%2F%21320x200%2Fquality%2F90, 1502, 新都位于川西平原腹心地带，是四川省省会城市成都市的北部主城区，新都区同时被定位为成都市城北副中心。 新都区的旅游景点以桂湖和宝光寺最为有名。桂湖是具有江南园林特色。位于城北10千米处的成都市植物园，是四川省第一座综合性园林。荟萃全省主要科属植物和中外珍稀树种200余种。包括6种一级保护植物，值得参观。
63039, 金堂, http:\/\/n1-q.mafengwo.net\/s7\/M00\/6E\/0B\/wKgB6lSqBsqAUnssAAkbmpuIqBY694.png?imageMogr2%2Fthumbnail%2F%21320x200r%2Fgravity%2FCenter%2Fcrop%2F%21320x200%2Fquality%2F90, 1100, 金堂县地处成都平原东北部，县境东邻中江县，西连成都市青白江区、龙泉驿区，南靠乐至县、简阳市，北接广汉市、中江县。县城距成都市中区28千米，金堂是“成都平原经济圈”内的重点发展县和成都市“特色产业发展区”。中河、毗河、北河穿城而过，有“天府花园水城”之美誉，被评为“全省县域经济发展先进县”2013中国西部百强县排名第52名。
63013, 米易, http:\/\/p1-q.mafengwo.net\/s7\/M00\/9B\/FF\/wKgB6lSqO9KAL87UAAinZw7G6zo814.png?imageMogr2%2Fthumbnail%2F%21320x200r%2Fgravity%2FCenter%2Fcrop%2F%21320x200%2Fquality%2F90, 1426, 米易县是四川省攀枝花市下辖的一个县城，位于青藏高原东南缘、四川省西南角，是攀枝市的北大门。米易县少数民族众多，生活着汉、彝、傈僳、回、白等25个民族。米易县历史悠久，民族风情浓郁，旅游资源丰富。境内景点有，神奇的龙潭溶洞旅游区，清真寺望月楼和何家坝新石器时代遗址，此外阳春三月到米易来看著名的三花节--桃花、梨花、油菜花一次盛开也会让人流连忘返。
62078, 资阳, http:\/\/b1-q.mafengwo.net\/s7\/M00\/B4\/64\/wKgB6lSqUeOAMekqAAiqz3fflTA394.png?imageMogr2%2Fthumbnail%2F%21320x200r%2Fgravity%2FCenter%2Fcrop%2F%21320x200%2Fquality%2F90, 1194, 资阳市地处四川盆地中部，处于成都和重庆两大城市的中间，是四川省唯一连接成渝双核的中心城市，区位优势明显。资阳历史悠久，人文古迹丰富，尤其以安岳石刻为代表，安岳石刻被誉为“我国古代雕刻又一伟大宝库”，其中高三米，雕技精湛的紫竹观音被誉为“东方的维纳斯”。此外还有依山而建，气势巍峨的无际禅师亭、被列入《世界名湖录》的简阳三岔湖、称为“人间瑶池”的简阳龙泉湖、五凤山森林公园等多处著名景点，是休闲度假的好去处。
63006, 冕宁, http:\/\/b1-q.mafengwo.net\/s6\/M00\/E0\/B2\/wKgB4lNGHpOACvS_AAI-t-dP1Ps97.jpeg?imageMogr2%2Fthumbnail%2F%21320x200r%2Fgravity%2FCenter%2Fcrop%2F%21320x200%2Fquality%2F90, 1107, 冕宁县是四川省凉山彝族自治州北部的一个县，位于四川省西南部，凉山彝族自治州北部，自古以来，就是四川往来于祖国西南边陲的重要通道之一，地理位置十分重要，属攀西地区精华地带，被誉为"攀西龙头"。冕宁县境内具有绚丽多彩的民族风情，还有众多著名的旅游景点。举世闻名的中国西昌卫星发射中心发射场区是一定要去参观的，这是我国唯一对外开放的卫星发射基地。此外还有象征民族团结光辉典范的高原明珠彝海；古木葱笼的灵山寺及高原五彩池连三海等景点。
63052, 叙永, http:\/\/b1-q.mafengwo.net\/s7\/M00\/68\/19\/wKgB6lSp_vOAXC30AAgnQ5djnlU775.png?imageMogr2%2Fthumbnail%2F%21320x200r%2Fgravity%2FCenter%2Fcrop%2F%21320x200%2Fquality%2F90, 1398, 叙永县是四川泸州下辖县，位于四川盆地南缘，接壤云贵，鸡鸣三省，历为川滇黔三省商贸集散地。叙永县历史悠久，自古商贾云集，素有川南门户之称，是西蜀千年屏障。红军四渡赤水时曾辗转于此，改变了中国革命的历史命运。叙永县素有“川南林乡”之誉，为国家速生丰产用材林基地县，尤以竹笋产品独具特色，畅销国内外市场。天生桥溶洞、穿山洞、仙人洞等景观奇特，雄伟壮观；桫椤风景区，溪流如练，瀑布飞泻，风光如画；春秋祠更是已载入《中国名胜词典》。
60642, 蒲江, http:\/\/n1-q.mafengwo.net\/s7\/M00\/9E\/06\/wKgB6lSqPXiAPxJ3AAemlqnQSkU367.png?imageMogr2%2Fthumbnail%2F%21320x200r%2Fgravity%2FCenter%2Fcrop%2F%21320x200%2Fquality%2F90, 1200, 蒲江县隶属于成都市，森林资源丰富，空气清新，大气质量好，“三山”夹“两水”，山水错列，构成千姿百态、雄伟壮丽之地貌。除此之外，蒲江还拥有悠久的历史，人杰地灵，是宋代理学家魏了翁和抗日名将李家钰的故乡。
84660, 龙泉驿, http:\/\/p1-q.mafengwo.net\/s9\/M00\/F4\/DC\/wKgBs1hbaJOATXZ_AAOkMDB8A6A15.jpeg?imageMogr2%2Fthumbnail%2F%21320x200r%2Fgravity%2FCenter%2Fcrop%2F%21320x200%2Fquality%2F90, 1283, 龙泉驿区位于成都市三环路以东，为成都市11个市辖区之一，成都市东部副中心，是国务院批准的成都市城市向东发展主体区域、成都经济技术开发区所在地和天府新区龙泉片区所在区域。素有“四时花不断，八节佳果香”之美誉，是国务院正式命名的“中国水蜜桃之乡”。
35423, 德格, http:\/\/p1-q.mafengwo.net\/s7\/M00\/61\/FF\/wKgB6lSp9teASsdNAAb-oVs7XjY513.png?imageMogr2%2Fthumbnail%2F%21320x200r%2Fgravity%2FCenter%2Fcrop%2F%21320x200%2Fquality%2F90, 1509, 德格县位于四川省甘孜藏族自治州的西北部，县城所在地为更庆镇。德格是川西的小县城，藏着一座历经数百年的印经院。阿须乡远离喧嚣的都市，民俗风情纯朴。开阔的草原之上，依山傍水，景色迷人。进入德格县境，那猎猎飘舞的经幡，随处可见身着赤褐色服饰的僧侣，已经有了一种身入佛教胜地的感觉。藏传佛教五大教派在这里各显异彩，为了发扬光大自己教派的影响，纷纷创办佛学院。
15980, 新津, http:\/\/n1-q.mafengwo.net\/s7\/M00\/B0\/57\/wKgB6lPPbQ6ATwS1AAHC_oi21QY02.jpeg?imageMogr2%2Fthumbnail%2F%21320x200r%2Fgravity%2FCenter%2Fcrop%2F%21320x200%2Fquality%2F90, 1282, 新津位于四川成都的南部，古有“南方丝绸古道第一站”之誉，今有“成都南大门”之称。新津属亚热带季风湿润气候，无霜期长，雨量充沛，四季分明。新津风景旅游资源非常丰富，有大小景点20余处。古今第一忠孝儒林纯阳观，“九莲胜景”观音寺，“东方蒙娜丽莎”和“东方维纳斯”，“稠粳出云”的老君庙等景观。新津，位于四川盆地西部，成都市南部，东接双流县，西临邛崃市，南濒眉山市，是成都市的南大门。新津幅员面积330万平方公里，辖6街道5镇1乡，总人口30.87万人，其中城镇人口12万人。北面花源街道距成都市区19km，距西南航空港10km，新津历史悠久，自北周定名，相袭至今，已有1450年历史，自古以来“商贾云集，货如轮转，多出富商”，为川西重要的物资集散地和交通枢纽，是四川省经济技术向西南辐射的必经之地。
42884, 绵竹, http:\/\/n1-q.mafengwo.net\/s7\/M00\/64\/4E\/wKgB6lSp-YeAboubAAhZRQjEmns556.png?imageMogr2%2Fthumbnail%2F%21320x200r%2Fgravity%2FCenter%2Fcrop%2F%21320x200%2Fquality%2F90, 1451, 绵竹市地处四川盆地西北部，建成有绵竹至德阳快速通道，被誉为“天下七十二洞天福地之一”。古为蜀山氏地，石亭江从高景关入市境，流经市境，与绵远河会合后流入沱江。绵竹年画以产于竹纸之乡的四川省绵竹县而得名，历史悠久。绵竹着力打造“春赏花、夏纳凉，秋品果、冬观雪”的观光休闲和乡村旅游精品。
62950, 雅江, http:\/\/b1-q.mafengwo.net\/s6\/M00\/9B\/54\/wKgB4lOZEjqAbsNAAAIBRWAkvlg71.jpeg?imageMogr2%2Fthumbnail%2F%21320x200r%2Fgravity%2FCenter%2Fcrop%2F%21320x200%2Fquality%2F90, 1230, 雅江，藏语“亚曲喀”，“河口”的意思，位于四川甘孜藏族自治州南部，历史上曾是雅砻江重要渡口之一。设四区、十六乡、一镇。雅江县地处青藏高原东缘的高山峡谷与草原的过渡带，受其复杂地形的影响，形成了独特而神奇的自然景观；又因雅江县位于康巴地区腹地，立于茶马古道上，积淀下了丰富的康巴人文景观。因而，享有“中国香格里拉文化旅游大环线第一县”和“茶马古道第一渡”之称。
150368, 万源, http:\/\/n1-q.mafengwo.net\/s9\/M00\/C1\/38\/wKgBs1eXDHOADMohAACG_zhkD8Q72.jpeg?imageMogr2%2Fthumbnail%2F%21320x200r%2Fgravity%2FCenter%2Fcrop%2F%21320x200%2Fquality%2F90, 1458, 万源市位于四川东北部，大巴山腹心地带，界于北纬30°39′—32°20′，东经107°28′—108°31′之间，是中国  南北气候的分界线  和嘉陵江  、汉江  的分水岭，地处川、陕、渝三省（市）结合部，7个县市的交汇处，襄渝铁路  、国道  210线（包南路），达陕高速（包茂高速）及川东电网纵贯全市，是进出川的主要通道和重要门户，是连接川陕渝经济  、文化、交通的重镇，素有秦川  锁钥之称，享有“万宝之源”的美誉。万源市有国家级地质公园八台山，“十里画廊”龙潭河，“中国仙山”烟霞山，休闲避暑胜地鱼泉山、长洞湖、扁桶峡，以及石冠古寺、观音幽峡、项王溶洞、黑宝林海、茶海晨曦、龙潭温泉等特色生态旅游景点，被誉为“中国西部养生天堂”。
63056, 华蓥, http:\/\/b1-q.mafengwo.net\/s6\/M00\/73\/FD\/wKgB4lNMnz-AYwNGAAGlyDKRyh488.jpeg?imageMogr2%2Fthumbnail%2F%21320x200r%2Fgravity%2FCenter%2Fcrop%2F%21320x200%2Fquality%2F90, 1400, 华蓥市位于四川省东部，因华蓥山而得名，是红岩精神发祥地之一。华蓥区位独特，水陆空交通发达，是四川以东进出重庆的门户，襄渝铁路纵贯南北，境内设有4个火车站，人均铁路拥有量居全国第一。其中华蓥山旅游区位于华蓥市境内，是国家森林公园、国家地质公园、全国红色旅游经典景区，景区内有著名的华蓥山游击队纪念馆，华蓥山蜡像馆，华蓥山地质博物馆等。此外，华蓥市还有安丙家族墓地、仙鹤洞、水杉山庄、褒先寺、溪口宝鼎、三百梯等多处景点。
10271, 道孚, http:\/\/n1-q.mafengwo.net\/s7\/M00\/65\/4C\/wKgB6lSp-yqAF50tAAila9BFxu4096.png?imageMogr2%2Fthumbnail%2F%21320x200r%2Fgravity%2FCenter%2Fcrop%2F%21320x200%2Fquality%2F90, 1286, 道孚县位于四川省西北部，甘孜州东北部。东与丹巴，西同新龙，南和康定、雅江，北与炉霍及阿坝州的金川、壤塘等共七县接壤相邻。东与丹巴，西同新龙，南和康定、雅江，北与炉霍及阿坝州的金川、壤塘等共七县接壤相邻。踏入这块别具风格的土地，如入梦幻境界，一切一切都如诗、如画，实在是人间的香格里拉。道孚民居，非常有特色，值得推荐。这里的佛教文化也是可以看看的。这里海拔只有两千多米，丝毫没有不适。
35409, 简阳, http:\/\/n1-q.mafengwo.net\/s7\/M00\/87\/BF\/wKgB6lSqJJCAcACrAASb7kveVzg615.png?imageMogr2%2Fthumbnail%2F%21320x200r%2Fgravity%2FCenter%2Fcrop%2F%21320x200%2Fquality%2F90, 1170, 简阳属于四川省，由地级资阳市代管。位于四川盆地西部、龙泉山东麓、沱江中游，素有“天府雄州”、“蜀都东来第一州”之美誉，东邻乐至县，南接资阳市雁江区，西连双流县和仁寿县，北倚成都市龙泉驿区和金堂县。简阳市历史悠久，有2000多年的历史，境内历史文化遗迹丰富。恐龙化石、逍遥洞汉碑、阿斗读书台、张飞营等三国遗迹都是其历史的见证。简阳市内旅游资源丰富，有简阳八景、丹景山、五凤山森林公园、两湖一山(龙泉湖，三岔湖，龙泉山）等景观。到了简阳市也不能忘了品尝这里的特色美食，羊肉食品（羊肉汤和羊肉串）是简阳市最为著名的饮食。
27663, 水磨古镇, http:\/\/p1-q.mafengwo.net\/s7\/M00\/E7\/5F\/wKgB6lSpBEeARkAkAAhKUry4Tos512.png?imageMogr2%2Fthumbnail%2F%21320x200r%2Fgravity%2FCenter%2Fcrop%2F%21320x200%2Fquality%2F90, 1250, 水磨古镇早在商代就享有“长寿之乡”的美誉，时称老人村。距成都76公里，都江堰市25公里，是镶嵌在都江堰、青城山、卧龙大熊猫栖息地、九寨沟、黄龙之间的一颗绿宝石，是西羌文化名镇。禅寿老街体现古人“天人合一”的建筑思想和理念，两侧分布的春风阁、大夫第、万年台、字库、白塔等建筑集藏羌汉民族建筑特色精华而修建的景观建筑。飞马寨现为水磨古镇景区的骑马观光胜地，寨后有水神沟、犀牛池、望山坡等古迹。
16165, 炉霍, http:\/\/b1-q.mafengwo.net\/s7\/M00\/91\/64\/wKgB6lSqMU-AKglUAAZkvg9qf2E880.png?imageMogr2%2Fthumbnail%2F%21320x200r%2Fgravity%2FCenter%2Fcrop%2F%21320x200%2Fquality%2F90, 1374, 炉霍位于四川甘孜藏族自治州中北部，是西南重点原始林区，也是长江上游重要的水源涵养区之一。炉霍境内森林茂密，河流纵横，气候和风景都非常宜人，又因是藏地，行走其间，将会被浓郁的藏域风情笼罩，不忍离去。作为霍岭大战的主战场，留下了无数动人的传说和丰富的遗迹。另外，炉霍县地处远古民族迁徙古道要衢，以石棺为代表的远古文明遗存十分丰富。
29010, 李庄古镇, http:\/\/b1-q.mafengwo.net\/s7\/M00\/63\/88\/wKgB6lSp-ECAZ_nMAAbxOtU9GCE343.png?imageMogr2%2Fthumbnail%2F%21320x200r%2Fgravity%2FCenter%2Fcrop%2F%21320x200%2Fquality%2F90, 1490, 李庄是国家级历史文化名镇，位于宜宾市郊19公里处的长江南岸李庄坝，古为渔村，汉代曾设驿站，由于濒临长江，故为明清水运商贸之地。李庄古镇文物古迹众多，人文景观荟萃，古建筑群规模宏大，布局严谨，比较完整地体现了明、清时期川南民居、庙宇、殿堂等建筑的特点。镇上酒肆茶楼，商店林立，繁华热闹。现仍保存明、清古镇的格局和风貌，石板街道，两旁多为清代建筑，风火山墙高耸，雕花门窗，古色古香。院落间有幽深的小巷。临江码头，有石板阶梯层层叠叠而上，通往大街，具有浓厚的川南地方民族特色。古建筑群中的木雕石刻做工精细，栩栩如生，有较高的艺术欣赏价值。
62949, 新龙县, http:\/\/b1-q.mafengwo.net\/s7\/M00\/A0\/39\/wKgB6lSqPz2AMiHVAAVBWsiHfC0818.png?imageMogr2%2Fthumbnail%2F%21320x200r%2Fgravity%2FCenter%2Fcrop%2F%21320x200%2Fquality%2F90, 1112, 新龙县藏语称“梁茹”，意为林间的河谷。因其位于甘孜州的腹心地带，故有肚脐县之说.。水能蕴藏总量3250万千瓦，有金、铜、锌等珍贵矿藏，尤以金成色好，品位高，享有金瞻堆之美誉；野生动物有獐、熊、豹、藏羚羊等数十种，雄龙西神山更体现人与自然，人与动物的和谐相处，境内还出产虫草、贝母、黄芪等名贵中药材。著名景点有卡洼洛日大雪山、皮察沟、措卡湖。
63049, 青川, http:\/\/n1-q.mafengwo.net\/s7\/M00\/F4\/C5\/wKgB6lSpFKqAGj5mAAk2i8VKNWA416.png?imageMogr2%2Fthumbnail%2F%21320x200r%2Fgravity%2FCenter%2Fcrop%2F%21320x200%2Fquality%2F90, 1265, 青川位于嘉陵江中上游，因“其水清美”而得名（“其水”指青竹江），自西汉置郡至今，已有2300多年的历史，境内文物古迹甚多。白水关昔日金戈铁马，旌旗猎猎，杀声震天，如今关城已毁，遗址残留，又因宝珠寺电站的建成，白水关下汇集了数十平方公里宽阔水面的白龙湖，放眼望去，但见落日余辉里湖滨芦苇从生，岸边水鸟栖息，村庄炊烟袅袅，农夫荷锄晚归。青溪古镇历史悠久，是我国古阴平道上的重要关隘，石牛寺、马鞍山、高桥寺、玉花泉、鱼洞砭、关虎石、醍醐塘、九龙包等为古镇八景。境内的唐家河国家级自然保护区以大熊猫、金丝猴、扭角羚等珍稀动物及栖息地为主要保护对象的综合性自然保护区。
16422, 大渡河, http:\/\/n1-q.mafengwo.net\/s7\/M00\/66\/ED\/wKgB6lSp_XuAFX3-AAhVpJrm16E455.png?imageMogr2%2Fthumbnail%2F%21320x200r%2Fgravity%2FCenter%2Fcrop%2F%21320x200%2Fquality%2F90, 1413, 大渡河，古称沫水，是岷江的最大支流，位于四川省中西部，发源于青海省玉树藏族自治州境内巴颜喀拉山南麓，向南入四川省分别流经阿坝藏族羌族自治州、甘孜藏族自治州、雅安市、凉山彝族自治州、乐山市。大渡河峡谷被评为国家地质公园。峡谷东西宽17公里，南北长26公里，最窄处仅20余米，最深处却有2675米，比世界第一大峡谷科罗拉多还深542米。近现代历史上在有两件发生在大渡河的历史事件，一是太平天国的翼王石达开在大渡河全军覆没，二是红军强渡大渡河。
63055, 古蔺, http:\/\/b1-q.mafengwo.net\/s6\/M00\/69\/4A\/wKgB4lNMmaeAY8cJAAFBiP4AxyU27.jpeg?imageMogr2%2Fthumbnail%2F%21320x200r%2Fgravity%2FCenter%2Fcrop%2F%21320x200%2Fquality%2F90, 1098, 古蔺县位于四川省泸州市南部边缘，赤水河沿边界由南往东向北流入长江，是四川省杂散居少数民族人口较多的县之一。古蔺县白酒产业发展旺盛，是郎酒故乡，以郎酒为龙头的酱酒产业集群也已初步形成。古蔺县旅游景点众多，以黄荆风景区、泸州红龙湖公园、四渡赤水太平渡陈列馆、美酒河最为著名，黄荆风景区更是瀑布、叠水、山溪、悬泉、高山湖泊、峡谷、丹霞、绝壁、怪石、奇峰、原始林、次生林、人工林等自然景观应有尽有。此外，古蔺麻辣鸡细嫩，皮脆脱骨，咸淡适宜，麻辣得当。喜欢川味的客人来到古蔺，都要品尝一番。
63007, 会理, http:\/\/n1-q.mafengwo.net\/s7\/M00\/A7\/7D\/wKgB6lSqRYuAY2q1AAfraqegGmw551.png?imageMogr2%2Fthumbnail%2F%21320x200r%2Fgravity%2FCenter%2Fcrop%2F%21320x200%2Fquality%2F90, 1387, 会理县位于四川省西南部，凉山彝族自治州正南端，自古以来就是川西南与滇西及南亚商贸往来周转重地，为古丝绸路必经要塞，素有“川滇锁钥”之称，为国家历史文化名城。会理具有十分丰富的旅游资源，有历经五百余年，迄今保存完好的武候祠，该景点古朴典雅，雕梁画栋，美丽壮观；有龙肘山万亩杜鹃，每当盛开之时，俨然一片花的海洋；还有红军长征途中召开的中央政治局会理会议会址、皎平渡红军渡江遗址、 东岳庙等。会理还是著名的石榴生产基地，每年的八九月间，正是石榴成熟的季节，一年一度的会理国际石榴节也在这个时候举行。
21469, 乡城, http:\/\/n1-q.mafengwo.net\/s7\/M00\/8B\/C4\/wKgB6lSqKfmAPq16AAZcnWA6vJo704.png?imageMogr2%2Fthumbnail%2F%21320x200r%2Fgravity%2FCenter%2Fcrop%2F%21320x200%2Fquality%2F90, 1484, 乡城县位于四川省甘孜藏族自治州西南陲，乡城在藏语中是佛珠之意，因此也称为手中佛珠。乡城县历史悠久，具有丰富的康巴文化积淀，古老的民风民俗、悠久的宗教文化、独特的藏式建筑等。县内有藏传佛教派中除黑教以外的红、黄、花、白四大教派寺庙多座，其中，东藏最大的黄教寺庙之一桑披岭寺便在这里；独具一格的白色藏房；融合了藏、汉、纳西三大民族风格，在整个藏区独树一帜的乡城奇异的女式藏装，被称为“乡城三绝”。乡城旅游景点众多，有巴姆神山、然乌乡温泉、巴姆七湖、桑披岭寺、扫布尤景区等，各处交相辉映，煞是迷人。
63018, 金口河, http:\/\/p1-q.mafengwo.net\/s6\/M00\/3A\/EC\/wKgB4lNGWJ2AFYvaAAFdGSII-HQ63.jpeg?imageMogr2%2Fthumbnail%2F%21320x200r%2Fgravity%2FCenter%2Fcrop%2F%21320x200%2Fquality%2F90, 1322, 金口河区位于四川省西南部，总面积598平方千米。总人口6万人（2004年）。汉代隶南安县，后周为平羌县地，隋属峨眉县。唐初为罗目县，继又改隶峨眉县，后再归罗目县属嘉州。金口大峡谷，西起乌斯河冻至金口河，地跨四川省的乐山市金口河区。雅安市汉源县和凉山川甘洛县。它全长26公里，谷宽不足200米，谷深却达 2600米。峡谷两岸奇峰突起，危岩耸立，构成各种象形景观，似人似兽，栩栩如生。白熊沟乃大渡河北岸支沟，是金口大峡谷著名景观，位于乐山雅安交界处。全长约7公里。
63047, 安岳, http:\/\/p1-q.mafengwo.net\/s7\/M00\/9D\/99\/wKgB6lSqPSCADi68AAXYicQ2iyo775.png?imageMogr2%2Fthumbnail%2F%21320x200r%2Fgravity%2FCenter%2Fcrop%2F%21320x200%2Fquality%2F90, 1076, 安岳县位于四川盆地东部，北周建德四年置县，因治所建在铁峰山上，故取“安居于山岳之上”之义而得县名。安岳石刻“古多精美”，有神秘的宗教渊源，蕴含了厚重的文化底蕴，既有佛教文化、道教文化和儒家文化，又有川剧、曲艺、杂耍和湘鄂文化，八庙卧佛院、石羊毗卢洞、鼎新华严洞、茗山寺、黄桷玄庙观、城郊圆觉洞、千佛寨等被列为国家和省级文物保护单位，同时也是安岳值得一游的景点。安岳也是全国唯一的柠檬基地，二十万亩柠檬如绿色海洋。
23413, 昭化古镇, http:\/\/b1-q.mafengwo.net\/s7\/M00\/6A\/F1\/wKgB6lSqAzyAPz8BAAiK-ojYWWM692.png?imageMogr2%2Fthumbnail%2F%21320x200r%2Fgravity%2FCenter%2Fcrop%2F%21320x200%2Fquality%2F90, 1399, 昭化古镇，古称葭萌，至今已有4000余年的历史和2200多年连续建县史。昭化古城位于世界奇观剑门蜀道之上，昭化古城景区境内古蜀道全长50余公里，苑如绿色苍龙盘旋于崇山峻岭之间，古蜀道两旁翠云廊，形成了一道世界上独一无二的绿色长廊。昭化古镇又是迄今为止国内保存最为完好的唯一一座三国古城，有闻名遐迩的葭萌关、牛头山、费祎墓、鲍三娘墓。
35213, 石渠, http:\/\/b1-q.mafengwo.net\/s7\/M00\/6F\/5A\/wKgB6lSqCIqASurhAAamPbhVFr8736.png?imageMogr2%2Fthumbnail%2F%21320x200r%2Fgravity%2FCenter%2Fcrop%2F%21320x200%2Fquality%2F90, 1497, 石渠位于青藏高原东南缘的川、青、藏三省区结合处，草地面积约占90%，有“四川省第一畜牧业大县”之称。石渠东北为巴颜喀拉山脉，西南为沙鲁里山北段，在这块“两山环抱，两江纵横”的草原上，两江流域不仅造就了瑰丽多姿的自然奇观，也孕育了雪域高原源远流长的历史文化。“牦牛文化”和“青稞文化”各具特色又相互融会，藏传佛教在这里拥有悠久的历史并将继续延续。大面积的天然草场和畜牧产品以及湿地、白唇鹿、藏羚羊、黑颈鹤等国家保护动物都是老天对于石渠的恩赐。
174428, 盐源县, http:\/\/n1-q.mafengwo.net\/s9\/M00\/C2\/BB\/wKgBs1hYp7mAYB4hAAY95y42Ccw23.jpeg?imageMogr2%2Fthumbnail%2F%21320x200r%2Fgravity%2FCenter%2Fcrop%2F%21320x200%2Fquality%2F90, 1361, 盐源县隶属于四川省凉山彝族自治州，位于四川省青藏高原东南缘，雅砻江下游西岸。东隔雅砻江与西昌市、德昌县、米易相望，南接盐边县，西连云南省宁蒗县，北与木里藏族自治县、冕宁县山水相连。县内蕴藏着盐、铁、金等41种矿产资源；生息着黑顶鹤、熊、獐子等多种珍稀动物；盛产苹果、金边瓜子等名优特产，是西南地区的苹果生产基地。
63011, 雷波县, http:\/\/p1-q.mafengwo.net\/s7\/M00\/94\/19\/wKgB6lSqNCWAGthnAAZ8N0pQoyw940.png?imageMogr2%2Fthumbnail%2F%21320x200r%2Fgravity%2FCenter%2Fcrop%2F%21320x200%2Fquality%2F90, 1316, 雷波县是四川省凉山彝族自治州所辖的一个县，位于四川省西南边缘、凉山彝族自治州东部、金沙江下游北岸。南隔江与云南省永善县相望，北与宜宾、乐山地区相邻，西接美姑县，西南紧连昭觉县、金阳县。境内地方民族文化特色浓郁，其中以彝族民歌最具特色，被授予“中国彝族民歌之乡”称号。旅游资源丰富，境内有钟灵竞秀的马湖；自然景观优美的麻咪泽和金沙江溪洛渡水电站；还有独具魅力的彝族历史文化和三国遗址等。
63054, 合江, http:\/\/b1-q.mafengwo.net\/s6\/M00\/6C\/C5\/wKgB4lNLpaCAAQknAAJxshXw2RI23.jpeg?imageMogr2%2Fthumbnail%2F%21320x200r%2Fgravity%2FCenter%2Fcrop%2F%21320x200%2Fquality%2F90, 1123, 合江县位于四川盆地南缘，川渝黔结合部，长江、赤水河、习水河三江交汇处，是长江出入川的第一县。合江县旅游资源丰富，东部有佛宝国家森林公园、中国历史文化名镇—福宝古镇；南部有川南黔北著名古刹、素有“天下石工第一”之赞誉的—法王寺、中国历史文化名镇—尧坝古镇；西部有清秀雄奇、以盆景式景区著称的笔架山风景名胜区；北部是南宋抗元斗争的古战场、老泸州遗址—神臂城。合江物华天宝，县南自怀乡五凤山上的黑岩寺，是明代石刻、木雕、壁画艺术的集中展示，其工艺精美绝伦，实属罕见，堪称川南瑰宝。
63042, 兴文, http:\/\/p1-q.mafengwo.net\/s6\/M00\/CE\/81\/wKgB4lNHmUaAUNmoAAJdYzaeDLc27.jpeg?imageMogr2%2Fthumbnail%2F%21320x200r%2Fgravity%2FCenter%2Fcrop%2F%21320x200%2Fquality%2F90, 1188, 兴文县位于四川盆地南缘，川滇黔结合部，历史悠久，农业发达，自然资源较为丰富，因该县石林、溶洞遍及17个乡，故有“石海洞乡”之誉。石海洞乡是我国喀斯特地貌发育最完善的地区之一，地面怪石林立，地下溶洞纵横，天下奇观集于一地，上下相映，与竹海、恐龙、悬棺并列为川南四绝。县内还有僰王山风景名胜区，是以典型的溶蚀峡谷、瀑布风光、岩溶漏斗、翠竹和桫椤等自然景观为特色的生态旅游区，有“小竹海”之称。
63051, 大英, http:\/\/p1-q.mafengwo.net\/s7\/M00\/B8\/CF\/wKgB6lSqVhSAOjmJAAkULyVOWqo367.png?imageMogr2%2Fthumbnail%2F%21320x200r%2Fgravity%2FCenter%2Fcrop%2F%21320x200%2Fquality%2F90, 1307, 大英县位于四川盆地中部，四川遂宁市西部，为典型的丘陵区。大英县文化底蕴深厚，有国家文化部确定的第一批国家级非物质文化遗产，被誉为“中国古代第五大发明”和“世界近代石油钻井之父”的卓筒井制盐技术。大英县最有名气的莫过于中国死海，人在水中可以轻松的漂浮不沉，对风湿关节炎、皮肤病、肥胖症、心脑血管疾病、呼吸道疾病等具有显著的理疗作用，并且可以充分的舒缓疲劳、缓解精神压力，人在死海中漂浮一小时，可以达到八个小时睡眠的功效。依托死海形成的中国死海旅游度假区依山傍水而建，以“死海漂浮”为主，结合了现代水上运动、休闲、疗养、保健等要素，形成了倍受欢迎的旅游度假胜地。
63041, 长宁, http:\/\/b1-q.mafengwo.net\/s6\/M00\/BF\/26\/wKgB4lNHj9SARsfAAAHEZter46I39.jpeg?imageMogr2%2Fthumbnail%2F%21320x200r%2Fgravity%2FCenter%2Fcrop%2F%21320x200%2Fquality%2F90, 1152, 长宁县位于四川盆地南缘，地势南高北低，南部为中低山，中北部为丘陵，主要河流有长宁河等。长宁县四季分明，气候温和，雨量充沛，优越的气候条件，使这里成为物产丰富的宝地，盛产枇杷、甜橙、楠竹、毛竹、竹笋竹荪等。游资源得天独厚，蜀南竹海风景区入选全国旅游胜地四十佳，也是中国生物圈保护区，山清水秀， 风景优美。
10235, 壤塘, http:\/\/p1-q.mafengwo.net\/s7\/M00\/94\/BC\/wKgB6lSqNOSAJtQ9AAkfkaNK-iM452.png?imageMogr2%2Fthumbnail%2F%21320x200r%2Fgravity%2FCenter%2Fcrop%2F%21320x200%2Fquality%2F90, 1304, 壤塘县位于青藏高原东南边缘，大渡河上游。境内山峦重叠，沟谷纵横，有丰富的水草资源和森林资源。香拉东吉圣山终年积雪银光闪耀的主峰，有88座形态各异瑞霭缭绕的群山；湖泊有色呈墨黑的措郎玛海、色如红铜的玛娜措海、天鹅飞翔的天鹅海和白如鲜奶的俄玛措海等；在香拉东吉圣山风景区和海子山风景区之间，孕育了觉囊派藏传佛教文化，寺内拥有许多密不视人的珍贵文物。
25843, 彭山, http:\/\/b1-q.mafengwo.net\/s7\/M00\/9F\/36\/wKgB6lSqPoaAQrfDAAjuSZ218Lk769.png?imageMogr2%2Fthumbnail%2F%21320x200r%2Fgravity%2FCenter%2Fcrop%2F%21320x200%2Fquality%2F90, 1397, 彭山县地处成都平原半小时经济圈和生活圈核心层，是眉山市的北大门，至今巳有2300多年的历史。彭山是中国老年学会命名的“中国长寿之乡”，也是流传千古的《陈情表》“孝”文化的发祥地，也是中华寿星始祖彭祖的主要生栖地，素以“忠孝之邦”、“长寿之乡”著称。彭祖长寿养生文化历经3000多年的积淀，被视为中华民族的瑰宝、东方养生智慧。彭山人世代总结，使彭祖长寿养生文化哺育着一代又一代人，成为传播长寿文化的圣地。彭山不仅历史文化渊远流长，而且具有本地特色的八百寿酒、甜皮鸭同样名扬远外，深受广大国内外游客的喜爱。
63017, 仁寿县, http:\/\/p1-q.mafengwo.net\/s7\/M00\/6F\/0A\/wKgB6lSqCACADojmAAgF3kNtqmo390.png?imageMogr2%2Fthumbnail%2F%21320x200r%2Fgravity%2FCenter%2Fcrop%2F%21320x200%2Fquality%2F90, 1098, 仁寿县，古称陵州，为四川省眉山市辖县，位于四川盆地中西部丘陵地带。地理位置优越，交通便利，县城北距成都市区60公里，西距眉山市区38公里，南距乐山市区70公里，东距资阳市区70公里。境内自然资源丰富，有煤炭、石灰石、石英砂、膨润土等过亿吨的矿产资源储量。境内的旅游景点有，被誉为“西蜀第一海”、“成都后花园”的黑龙滩风景区，号称乐山大佛之父的牛角寨大佛，奎星阁、双堡牌坊等。
25054, 元通, http:\/\/b1-q.mafengwo.net\/s7\/M00\/69\/D8\/wKgB6lSqAZuAYAtqAAbBNOe7uV0630.png?imageMogr2%2Fthumbnail%2F%21320x200r%2Fgravity%2FCenter%2Fcrop%2F%21320x200%2Fquality%2F90, 1146, 元通依水而筑，场镇就在汇江边，清末民初，元通号称"小成都"。从元通镇粮站的一道大门进去，爬上一栋6层楼楼顶，从楼顶可以看到，大片青瓦屋顶，沿着文井江鳞次栉比，临河而居，中间一条街道穿行其中，一幅独有的江南水乡特色。元通古镇有三绝，分别是麒麟街上的黄家大院、清嘉庆年的永利桥、三江汇流上演"清明上河图"，其他古迹为罗氏公馆（现供销社）、黄氏公馆（现镇政府）、黄氏祠堂（现国税所）、元通天主堂、王国英故居、铁杆桥和工农兵大桥。
63045, 梓潼, http:\/\/p1-q.mafengwo.net\/s7\/M00\/AD\/C4\/wKgB6lSqS6eANqYKAAkm88thXvI159.png?imageMogr2%2Fthumbnail%2F%21320x200r%2Fgravity%2FCenter%2Fcrop%2F%21320x200%2Fquality%2F90, 1179, 梓潼是文昌故里，以“东倚梓林，西枕潼水”而得名，全县景点众多，最著名的是国家4A级风景区——七曲山，景区古柏苍翠，遮天蔽日，一派萧然之意。此外，卧龙山千佛岩、汉阙上亭驿剑泉、司马长卿石室等处均为难得一见的古迹，还有翠云廊古柏是活着的历史文物，是稀世的自然奇观。梓潼片粉、酥饼、镶碗等美食深受游客喜爱。
17731, 峨边, http:\/\/b1-q.mafengwo.net\/s7\/M00\/68\/C7\/wKgB6lSp_72AT2J_AAhy4cihozU470.png?imageMogr2%2Fthumbnail%2F%21320x200r%2Fgravity%2FCenter%2Fcrop%2F%21320x200%2Fquality%2F90, 1386, 峨边即峨边彝族自治县，隶属于四川省乐山市，地处四川盆地与云贵高原的过渡地带。由于气候特征为春迟，夏短，秋绵雨，冬长，四季分明，垂直差异明显，形成 “一山分四季，十里不同天，山顶戴雪帽，山脚百花开”的气象景观。峨边黑竹沟，兼有奇峰异石，溶洞，泉瀑，草甸，高山海子，原始森林等。峨边是充满了古朴、原始、神秘色彩的旅游胜地。
